<metadata><idinfo><ptcontac><cntinfo><cntorgp><cntorg>Department of Water Resources, Northern Region Office</cntorg></cntorgp><cntaddr><addrtype>mailing and physical address</addrtype><address>2440 Main Street</address><city>Red Bluff</city><state>CA</state><postal>96080</postal></cntaddr><cntvoice>(530) 529-7379</cntvoice><cntfax>(530) 529-7322</cntfax><cntemail>jdelphia@water.ca.gov</cntemail></cntinfo></ptcontac><descript><langdata Sync="TRUE">en</langdata><abstract>This Feature Class was modified from the Channel Capacity Geodatabase that was obtained from GEI Consultants, Inc. DWR Northern Region Office used and built upon the capacity polygons, changing them to channel maintenance polygons.

Levee alignments (from California Levee Database) were traced to create channel maintenance polygons according to channel maintenance descriptions in the O&amp;M Manuals and segmentation (from levee segmentation deliverables).  Where levee was not present on both sides of the channel, the polygon was digitized to the approximate interpreted floodplain using NAIP 2005 aerial photography and FEMA Q3 data. Channel Maintenance polygons for all available O&amp;M Manuals within the Sacramento River System are contained herein.</abstract><purpose>Geographically document Channel Maintenance areas for channels as described in Operation and Maintenance Manuals.</purpose></descript><useconst>The information contained herein is based on the most current information available to DWR and GEI Consultants, Inc. DWR does not warrant its accuracy or suitability for any particular purpose. This data is not intended to replace engineering, financial, or primary records research. 

This data is part of an ongoing process of data creation and verification; therefore it is constantly changing. Every attempt has been made to keep the data as current and accurate as possible, but it cannot be considered an authoritative source of data.</useconst><status><progress>In work</progress><update>As needed</update></status><timeperd><current>publication date</current><timeinfo><sngdate><caldate>unknown</caldate></sngdate></timeinfo></timeperd><accconst>These data are created for use by DWR employees and/or associated contractors and/or sub-contractors.</accconst><citation><citeinfo><origin>DWR Northern Region Office</origin><pubdate>Unpublished Material</pubdate><title Sync="TRUE">channel_maintenance_poly</title><ftname Sync="TRUE">channel_maintenance_poly</ftname><geoform Sync="TRUE">vector digital data</geoform><onlink Sync="TRUE">\\LASFS02\Henderson Data\Info Solutions Encinitas\Projects\Env\DWR_Metadata\data\DFM_CALeveeDatabase_v221_R1_20110811_93.mdb</onlink><origin>GEI Consultants, Inc.</origin></citeinfo></citation><native Sync="TRUE">Microsoft Windows XP Version 5.1 (Build 2600) Service Pack 3; ESRI ArcCatalog 9.3.0.1770</native><spdom><bounding><westbc Sync="TRUE">-123.009993</westbc><eastbc Sync="TRUE">-119.237122</eastbc><northbc Sync="TRUE">41.201696</northbc><southbc Sync="TRUE">36.145793</southbc></bounding><lboundng><leftbc Sync="TRUE">-252762.354400</leftbc><rightbc Sync="TRUE">64042.049700</rightbc><bottombc Sync="TRUE">-204166.845300</bottombc><topbc Sync="TRUE">353885.394200</topbc></lboundng></spdom><keywords><theme><themekt>None</themekt><themekey>Levee</themekey><themekey>Channel</themekey><themekey>Maintenance</themekey><themekey>Operation and Maintenance Manual</themekey><themekey>O&amp;M Manual</themekey></theme></keywords><natvform Sync="TRUE">Personal GeoDatabase Feature Class</natvform><secinfo><secclass>None</secclass><sechandl>None - General use, no restrictions on handling or use.</sechandl><secsys>No System Identified</secsys></secinfo><browse><browsed>Cannel maintenance areas within the state of California</browsed><browset>JPEG</browset><browsen>channel_maintenance_poly.jpg</browsen></browse></idinfo><Esri><ModDate>20160419</ModDate><ModTime>08523500</ModTime><CreaDate>20151118</CreaDate><CreaTime>12433000</CreaTime><SyncOnce>FALSE</SyncOnce><SyncDate>20160419</SyncDate><SyncTime>08523500</SyncTime><DataProperties><lineage><Process ToolSource="C:\Program Files\ArcGIS\ArcToolbox\Toolboxes\Data Management Tools.tbx\CopyFeatures" Date="20090115" Time="185817">CopyFeatures S:\GIS\Projects\087756_DWR_Flood_Mgmt\080432\Deliverables\CVPFC.gdb\SacramentoSystem_ChannelCapacities S:\GIS\Projects\087756_DWR_Flood_Mgmt\080432\Deliverables\DataBurnfor16Jan2009_Report\Disk2USACEOnMManualShapefiles\Shapefiles\SacramentoSystem_ChannelCapacities.shp # 0 0 0</Process><Process ToolSource="C:\Program Files\ArcGIS\Desktop10.0\ArcToolbox\Toolboxes\Data Management Tools.tbx\Merge" Date="20110811" Time="143402">Merge C:\Projects\DWR\TO54\2000.L\data\gdb\CVPFC_20110602.gdb\CHANNEL\SacramentoSystem_ChMaint;C:\Projects\DWR\TO54\2000.L\data\gdb\CVPFC_20110602.gdb\CHANNEL\SanJoaquinSystem_ChMaint C:\Projects\DWR\TO54\2000.L\data\gdb\Temp.mdb\channel_maintenance_poly "Id "Id" true true false 4 Long 0 0 ,First,#,C:\Projects\DWR\TO54\2000.L\data\gdb\CVPFC_20110602.gdb\CHANNEL\SacramentoSystem_ChMaint,Id,-1,-1,C:\Projects\DWR\TO54\2000.L\data\gdb\CVPFC_20110602.gdb\CHANNEL\SanJoaquinSystem_ChMaint,Id,-1,-1;Waterway "Waterway" true true false 50 Text 0 0 ,First,#,C:\Projects\DWR\TO54\2000.L\data\gdb\CVPFC_20110602.gdb\CHANNEL\SacramentoSystem_ChMaint,Waterway,-1,-1,C:\Projects\DWR\TO54\2000.L\data\gdb\CVPFC_20110602.gdb\CHANNEL\SanJoaquinSystem_ChMaint,Waterway,-1,-1;RiverSyste "RiverSyste" true true false 30 Text 0 0 ,First,#,C:\Projects\DWR\TO54\2000.L\data\gdb\CVPFC_20110602.gdb\CHANNEL\SacramentoSystem_ChMaint,RiverSyste,-1,-1,C:\Projects\DWR\TO54\2000.L\data\gdb\CVPFC_20110602.gdb\CHANNEL\SanJoaquinSystem_ChMaint,RiverSyste,-1,-1;NRO_CMT "NRO_CMT" true true false 254 Text 0 0 ,First,#,C:\Projects\DWR\TO54\2000.L\data\gdb\CVPFC_20110602.gdb\CHANNEL\SacramentoSystem_ChMaint,NRO_CMT,-1,-1,C:\Projects\DWR\TO54\2000.L\data\gdb\CVPFC_20110602.gdb\CHANNEL\SanJoaquinSystem_ChMaint,NRO_CMT,-1,-1;OMMU_1 "OMMU_1" true true false 50 Text 0 0 ,First,#,C:\Projects\DWR\TO54\2000.L\data\gdb\CVPFC_20110602.gdb\CHANNEL\SacramentoSystem_ChMaint,OMMU_1,-1,-1,C:\Projects\DWR\TO54\2000.L\data\gdb\CVPFC_20110602.gdb\CHANNEL\SanJoaquinSystem_ChMaint,OMMU_1,-1,-1;OMMU_2 "OMMU_2" true true false 50 Text 0 0 ,First,#,C:\Projects\DWR\TO54\2000.L\data\gdb\CVPFC_20110602.gdb\CHANNEL\SacramentoSystem_ChMaint,OMMU_2,-1,-1,C:\Projects\DWR\TO54\2000.L\data\gdb\CVPFC_20110602.gdb\CHANNEL\SanJoaquinSystem_ChMaint,OMMU_2,-1,-1;Shape_Length "Shape_Length" false true true 8 Double 0 0 ,First,#,C:\Projects\DWR\TO54\2000.L\data\gdb\CVPFC_20110602.gdb\CHANNEL\SacramentoSystem_ChMaint,Shape_Length,-1,-1,C:\Projects\DWR\TO54\2000.L\data\gdb\CVPFC_20110602.gdb\CHANNEL\SanJoaquinSystem_ChMaint,Shape_Length,-1,-1;Shape_Area "Shape_Area" false true true 8 Double 0 0 ,First,#,C:\Projects\DWR\TO54\2000.L\data\gdb\CVPFC_20110602.gdb\CHANNEL\SacramentoSystem_ChMaint,Shape_Area,-1,-1,C:\Projects\DWR\TO54\2000.L\data\gdb\CVPFC_20110602.gdb\CHANNEL\SanJoaquinSystem_ChMaint,Shape_Area,-1,-1"</Process><Process ToolSource="C:\Program Files\ArcGIS\Desktop10.0\ArcToolbox\Toolboxes\Data Management Tools.tbx\CalculateField" Date="20110811" Time="143614">CalculateField channel_maintenance_poly SYSTEM "Sacramento" VB #</Process><Process ToolSource="C:\Program Files\ArcGIS\Desktop10.0\ArcToolbox\Toolboxes\Data Management Tools.tbx\CalculateField" Date="20110811" Time="143650">CalculateField channel_maintenance_poly SYSTEM "San Joaquin" VB #</Process><Process ToolSource="C:\Program Files\ArcGIS\Desktop10.0\ArcToolbox\Toolboxes\Data Management Tools.tbx\CalculateField" Date="20110811" Time="144210">CalculateField channel_maintenance_poly RIVER_SYSTEM "San Joaquin River System" VB #</Process><Process ToolSource="C:\Program Files\ArcGIS\Desktop10.0\ArcToolbox\Toolboxes\Data Management Tools.tbx\CalculateField" Date="20110811" Time="144338">CalculateField channel_maintenance_poly CHANNEL_MAINT_ID [OBJECTID] VB #</Process><Process ToolSource="C:\Program Files\ArcGIS\Desktop10.0\ArcToolbox\Toolboxes\Conversion Tools.tbx\FeatureClassToFeatureClass" Date="20110811" Time="144755">FeatureClassToFeatureClass C:\Projects\DWR\TO54\2000.L\data\gdb\Temp.mdb\channel_maintenance_poly C:\Projects\DWR\TO54\2000.L\data\gdb\DFM_CALeveeDatabase_v22_R3_20110811.mdb\Flood_Control channel_maintenance_poly # "CHANNEL_MAINT_ID "CHANNEL_MAINT_ID" true true false 8 Double 0 0 ,First,#,C:\Projects\DWR\TO54\2000.L\data\gdb\Temp.mdb\channel_maintenance_poly,CHANNEL_MAINT_ID,-1,-1;WATERWAY "WATERWAY" true true false 50 Text 0 0 ,First,#,C:\Projects\DWR\TO54\2000.L\data\gdb\Temp.mdb\channel_maintenance_poly,WATERWAY,-1,-1;RIVER_SYSTEM "RIVER_SYSTEM" true true false 30 Text 0 0 ,First,#,C:\Projects\DWR\TO54\2000.L\data\gdb\Temp.mdb\channel_maintenance_poly,RIVER_SYSTEM,-1,-1;NRO_CMT "NRO_CMT" true true false 254 Text 0 0 ,First,#,C:\Projects\DWR\TO54\2000.L\data\gdb\Temp.mdb\channel_maintenance_poly,NRO_CMT,-1,-1;OMMU_1 "OMMU_1" true true false 50 Text 0 0 ,First,#,C:\Projects\DWR\TO54\2000.L\data\gdb\Temp.mdb\channel_maintenance_poly,OMMU_1,-1,-1;OMMU_2 "OMMU_2" true true false 50 Text 0 0 ,First,#,C:\Projects\DWR\TO54\2000.L\data\gdb\Temp.mdb\channel_maintenance_poly,OMMU_2,-1,-1;Shape_Length "Shape_Length" false true true 8 Double 0 0 ,First,#,C:\Projects\DWR\TO54\2000.L\data\gdb\Temp.mdb\channel_maintenance_poly,Shape_Length,-1,-1;Shape_Area "Shape_Area" false true true 8 Double 0 0 ,First,#,C:\Projects\DWR\TO54\2000.L\data\gdb\Temp.mdb\channel_maintenance_poly,Shape_Area,-1,-1" #</Process><Process ToolSource="C:\Program Files\ArcGIS\Desktop10.0\ArcToolbox\Toolboxes\Data Management Tools.tbx\CopyFeatures" Date="20110815" Time="144015">CopyFeatures C:\Projects\DWR\TO54\2000.L\data\gdb\DFM_CALeveeDatabase_v221_R1_20110811.mdb\Flood_Control\channel_maintenance_poly C:\Projects\DWR\TO54\2000.L\data\gdb\DFM_CALeveeDatabase_v221_R1_20110811_93.mdb\Flood_Control\channel_maintenance_poly # 0 0 0</Process></lineage><itemProps><itemName Sync="TRUE">Channel_maintenance_poly_ActivelyMaintained</itemName><imsContentType Sync="TRUE">002</imsContentType><nativeExtBox><westBL Sync="TRUE">-252762.354400</westBL><eastBL Sync="TRUE">-114892.199400</eastBL><southBL Sync="TRUE">6429.883600</southBL><northBL Sync="TRUE">228924.258400</northBL><exTypeCode Sync="TRUE">1</exTypeCode></nativeExtBox><itemLocation><linkage Sync="TRUE">file://\\webdev02\share\GIS_Data\FERIX\FMO\MTS Shapefiles\MTS\Channel_maintenance_poly_ActivelyMaintained.shp</linkage><protocol Sync="TRUE">Local Area Network</protocol></itemLocation><itemSize Sync="TRUE">0.000</itemSize></itemProps><coordRef><type Sync="TRUE">Projected</type><geogcsn Sync="TRUE">GCS_North_American_1983</geogcsn><projcsn Sync="TRUE">NAD_1983_California_Teale_Albers</projcsn><peXml Sync="TRUE">&lt;ProjectedCoordinateSystem xsi:type='typens:ProjectedCoordinateSystem' xmlns:xsi='http://www.w3.org/2001/XMLSchema-instance' xmlns:xs='http://www.w3.org/2001/XMLSchema' xmlns:typens='http://www.esri.com/schemas/ArcGIS/10.3'&gt;&lt;WKT&gt;PROJCS[&amp;quot;NAD_1983_California_Teale_Albers&amp;quot;,GEOGCS[&amp;quot;GCS_North_American_1983&amp;quot;,DATUM[&amp;quot;D_North_American_1983&amp;quot;,SPHEROID[&amp;quot;GRS_1980&amp;quot;,6378137.0,298.257222101]],PRIMEM[&amp;quot;Greenwich&amp;quot;,0.0],UNIT[&amp;quot;Degree&amp;quot;,0.0174532925199433]],PROJECTION[&amp;quot;Albers&amp;quot;],PARAMETER[&amp;quot;False_Easting&amp;quot;,0.0],PARAMETER[&amp;quot;False_Northing&amp;quot;,-4000000.0],PARAMETER[&amp;quot;Central_Meridian&amp;quot;,-120.0],PARAMETER[&amp;quot;Standard_Parallel_1&amp;quot;,34.0],PARAMETER[&amp;quot;Standard_Parallel_2&amp;quot;,40.5],PARAMETER[&amp;quot;Latitude_Of_Origin&amp;quot;,0.0],UNIT[&amp;quot;Meter&amp;quot;,1.0],AUTHORITY[&amp;quot;EPSG&amp;quot;,3310]],VERTCS[&amp;quot;NAVD_1988&amp;quot;,VDATUM[&amp;quot;North_American_Vertical_Datum_1988&amp;quot;],PARAMETER[&amp;quot;Vertical_Shift&amp;quot;,0.0],PARAMETER[&amp;quot;Direction&amp;quot;,1.0],UNIT[&amp;quot;Meter&amp;quot;,1.0],AUTHORITY[&amp;quot;EPSG&amp;quot;,5703]]&lt;/WKT&gt;&lt;XOrigin&gt;-16909700&lt;/XOrigin&gt;&lt;YOrigin&gt;-8597000&lt;/YOrigin&gt;&lt;XYScale&gt;266332319.7555542&lt;/XYScale&gt;&lt;ZOrigin&gt;-100000&lt;/ZOrigin&gt;&lt;ZScale&gt;10000&lt;/ZScale&gt;&lt;MOrigin&gt;-100000&lt;/MOrigin&gt;&lt;MScale&gt;10000&lt;/MScale&gt;&lt;XYTolerance&gt;0.001&lt;/XYTolerance&gt;&lt;ZTolerance&gt;0.001&lt;/ZTolerance&gt;&lt;MTolerance&gt;0.001&lt;/MTolerance&gt;&lt;HighPrecision&gt;true&lt;/HighPrecision&gt;&lt;WKID&gt;3310&lt;/WKID&gt;&lt;LatestWKID&gt;3310&lt;/LatestWKID&gt;&lt;VCSWKID&gt;5703&lt;/VCSWKID&gt;&lt;LatestVCSWKID&gt;5703&lt;/LatestVCSWKID&gt;&lt;/ProjectedCoordinateSystem&gt;</peXml><csUnits Sync="TRUE">Linear Unit: Meter (1.000000)</csUnits></coordRef><copyHistory><copy source="G:\GIS Data\CommonLayers\ChannelMaintenance\Channel_maintenance_poly_forEPOM" dest="\\nasdfm\FLDMAINT\GIS Data\CommonLayers\ChannelMaintenance\Channel_maintenance_poly_forEPOMCopy" date="20151118" time="12433000"></copy></copyHistory></DataProperties><ArcGISFormat>1.0</ArcGISFormat><ArcGISstyle>FGDC CSDGM Metadata</ArcGISstyle></Esri><metainfo><metd Sync="TRUE">20111103</metd><metc><cntinfo><cntorgp><cntorg>DWR Northern Region Office</cntorg></cntorgp><cntaddr><addrtype>mailing and physical address</addrtype><address>10860 Gold Center Drive, Suite 350</address><city>Rancho Cordova</city><state>CA</state><postal>95670</postal></cntaddr><cntvoice>(530) 529-7379</cntvoice><cntfax>(530) 529-7322</cntfax><cntemail>jdelphia@water.ca.gov</cntemail></cntinfo></metc><mettc>local time with differential factor</mettc><metstdn Sync="TRUE">FGDC Content Standards for Digital Geospatial Metadata</metstdn><langmeta Sync="TRUE">en</langmeta><metstdv Sync="TRUE">FGDC-STD-001-1998</metstdv></metainfo><mdDateSt Sync="TRUE">20160419</mdDateSt><dataqual><lineage><procstep><procdesc Sync="TRUE">Metadata imported.</procdesc><srcused Sync="TRUE">S:\GIS\Reference materials\GEI_Metadata_Template.xml</srcused><procdate Sync="TRUE">20081223</procdate><proctime Sync="TRUE">08041900</proctime></procstep><procstep><procdesc Sync="TRUE">Metadata imported.</procdesc><srcused Sync="TRUE">S:\GIS\Projects\087756_DWR_Flood_Mgmt\080432\Deliverables\DataBurnfor16Jan2009_Report\Disk2USACEOnMManualShapefiles\Shapefiles\SacramentoSystem_ChannelCapacities.shp.xml</srcused><procdate Sync="TRUE">20090121</procdate><proctime Sync="TRUE">10023500</proctime></procstep><procstep><procdesc Sync="TRUE">Dataset copied.</procdesc><srcused Sync="TRUE">\\lassenpk\dfsroot\RAID1\FloodSAFE\GIS\Features_Under_Development\Geodatabases\ChannelMaintenance\ChMaint.gdb</srcused><procdate Sync="TRUE">20110602</procdate><proctime Sync="TRUE">13232500</proctime></procstep></lineage></dataqual><dataIdInfo><envirDesc Sync="TRUE">Microsoft Windows 7 Version 6.1 (Build 7601) Service Pack 1; Esri ArcGIS 10.3.0.4322</envirDesc><dataLang><languageCode Sync="TRUE" value="eng" country="US"></languageCode><countryCode value="USA" Sync="TRUE"></countryCode></dataLang><idCitation><resTitle Sync="TRUE">Channel_maintenance_poly_ActivelyMaintained</resTitle><presForm><PresFormCd Sync="TRUE" value="005"></PresFormCd></presForm></idCitation><dataExt><geoEle><GeoBndBox esriExtentType="search"><westBL Sync="TRUE">-122.963495</westBL><eastBL Sync="TRUE">-121.311307</eastBL><northBL Sync="TRUE">40.068861</northBL><southBL Sync="TRUE">38.039618</southBL><exTypeCode Sync="TRUE">1</exTypeCode></GeoBndBox><GeoBndBox esriExtentType="native"><westBL Sync="TRUE">-252762.3544</westBL><eastBL Sync="TRUE">64042.0497</eastBL><northBL Sync="TRUE">353885.3942</northBL><southBL Sync="TRUE">-204166.8453</southBL><exTypeCode Sync="TRUE">1</exTypeCode></GeoBndBox></geoEle></dataExt><geoBox esriExtentType="decdegrees"><westBL Sync="TRUE">-123.009993</westBL><eastBL Sync="TRUE">-119.237122</eastBL><northBL Sync="TRUE">41.201696</northBL><southBL Sync="TRUE">36.145793</southBL><exTypeCode Sync="TRUE">1</exTypeCode></geoBox><spatRpType><SpatRepTypCd Sync="TRUE" value="001"></SpatRepTypCd></spatRpType><descKeys><thesaName uuidref="723f6998-058e-11dc-8314-0800200c9a66"></thesaName><keyword Sync="TRUE">002</keyword></descKeys></dataIdInfo><mdLang><languageCode Sync="TRUE" value="eng"></languageCode><countryCode value="USA" Sync="TRUE"></countryCode></mdLang><mdStanName Sync="TRUE">ISO 19115 Geographic Information - Metadata</mdStanName><mdStanVer Sync="TRUE">DIS_ESRI1.0</mdStanVer><mdChar><CharSetCd Sync="TRUE" value="004"></CharSetCd></mdChar><mdHrLv><ScopeCd Sync="TRUE" value="005"></ScopeCd></mdHrLv><mdHrLvName Sync="TRUE">dataset</mdHrLvName><distinfo><resdesc>The data being provided is intended to comply with the California Public Records Act. User shall not license, re-license, sub-license, assign, release, publish, transfer, sell or otherwise make available any portion of the data to a third party without the prior permission of DWR.</resdesc><stdorder><digform><digtinfo><transize Sync="TRUE">0.000</transize><dssize Sync="TRUE">0.000</dssize></digtinfo></digform></stdorder><distliab>The data which is the subject of this Agreement, and which is generally referred to as geographic information systems or GIS data, users should be aware that these data are generalized and not survey grade, and has been developed for use in regional planning projects. </distliab></distinfo><distInfo><distributor><distorTran><onLineSrc><orDesc Sync="TRUE">002</orDesc><linkage Sync="TRUE">file://\\LASFS02\Henderson Data\Info Solutions Encinitas\Projects\Env\DWR_Metadata\data\DFM_CALeveeDatabase_v221_R1_20110811_93.mdb</linkage><protocol Sync="TRUE">Local Area Network</protocol></onLineSrc><transSize Sync="TRUE">0.000</transSize></distorTran><distorFormat><formatName Sync="TRUE">Personal GeoDatabase Feature Class</formatName></distorFormat></distributor><distFormat><formatName Sync="TRUE">Shapefile</formatName></distFormat><distTranOps><transSize Sync="TRUE">0.000</transSize></distTranOps></distInfo><spdoinfo><direct Sync="TRUE">Vector</direct><ptvctinf><esriterm Name="Channel_maintenance_poly_ActivelyMaintained"><efeatyp Sync="TRUE">Simple</efeatyp><efeageom code="4" Sync="TRUE"></efeageom><esritopo Sync="TRUE">FALSE</esritopo><efeacnt Sync="TRUE">0</efeacnt><spindex Sync="TRUE">FALSE</spindex><linrefer Sync="TRUE">FALSE</linrefer></esriterm></ptvctinf></spdoinfo><spref><horizsys><cordsysn><geogcsn Sync="TRUE">GCS_North_American_1983</geogcsn><projcsn Sync="TRUE">NAD_1983_California_Teale_Albers</projcsn></cordsysn><planar><planci><plance Sync="TRUE">coordinate pair</plance><plandu Sync="TRUE">meters</plandu><coordrep><absres Sync="TRUE">0.000000</absres><ordres Sync="TRUE">0.000000</ordres></coordrep></planci></planar><geodetic><horizdn Sync="TRUE">North American Datum of 1983</horizdn><ellips Sync="TRUE">Geodetic Reference System 80</ellips><semiaxis Sync="TRUE">6378137.000000</semiaxis><denflat Sync="TRUE">298.257222</denflat></geodetic></horizsys><vertdef><altsys><altenc Sync="TRUE">Explicit elevation coordinate included with horizontal coordinates</altenc><altres Sync="TRUE">0.000100</altres></altsys></vertdef></spref><refSysInfo><RefSystem><refSysID><identCode Sync="TRUE" code="3310">NAD_1983_California_Teale_Albers</identCode><idCodeSpace Sync="TRUE">EPSG</idCodeSpace><idVersion Sync="TRUE">8.2.6</idVersion></refSysID></RefSystem></refSysInfo><spatRepInfo><VectSpatRep><geometObjs Name="Channel_maintenance_poly_ActivelyMaintained"><geoObjTyp><GeoObjTypCd value="002" Sync="TRUE"></GeoObjTypCd></geoObjTyp><geoObjCnt Sync="TRUE">0</geoObjCnt></geometObjs><topLvl><TopoLevCd value="001" Sync="TRUE"></TopoLevCd></topLvl></VectSpatRep></spatRepInfo><eainfo><detailed Name="Channel_maintenance_poly_ActivelyMaintained"><enttyp><enttypl Sync="TRUE">Channel_maintenance_poly_ActivelyMaintained</enttypl><enttypt Sync="TRUE">Feature Class</enttypt><enttypc Sync="TRUE">0</enttypc></enttyp><attr><attrlabl Sync="TRUE">FID</attrlabl><attalias Sync="TRUE">FID</attalias><attrtype Sync="TRUE">OID</attrtype><attwidth Sync="TRUE">4</attwidth><atprecis Sync="TRUE">0</atprecis><attscale Sync="TRUE">0</attscale><attrdef Sync="TRUE">Internal feature number.</attrdef><attrdefs Sync="TRUE">Esri</attrdefs><attrdomv><udom Sync="TRUE">Sequential unique whole numbers that are automatically generated.</udom></attrdomv></attr><attr><attrlabl Sync="TRUE">OBJECTID</attrlabl><attalias Sync="TRUE">OBJECTID</attalias><attrtype Sync="TRUE">Integer</attrtype><attwidth Sync="TRUE">10</attwidth><atprecis Sync="TRUE">10</atprecis><attscale Sync="TRUE">0</attscale><attrdef Sync="TRUE">Internal feature number.</attrdef><attrdefs Sync="TRUE">ESRI</attrdefs><attrdomv><udom Sync="TRUE">Sequential unique whole numbers that are automatically generated.</udom></attrdomv></attr><attr><attrlabl Sync="TRUE">Shape</attrlabl><attalias Sync="TRUE">Shape</attalias><attrtype Sync="TRUE">Geometry</attrtype><attwidth Sync="TRUE">0</attwidth><atprecis Sync="TRUE">0</atprecis><attscale Sync="TRUE">0</attscale><attrdef Sync="TRUE">Feature geometry.</attrdef><attrdefs Sync="TRUE">ESRI</attrdefs><attrdomv><udom Sync="TRUE">Coordinates defining the features.</udom></attrdomv></attr><attr><attrlabl Sync="TRUE">Waterway</attrlabl><attalias Sync="TRUE">WATERWAY</attalias><attrtype Sync="TRUE">String</attrtype><attwidth Sync="TRUE">50</attwidth><atprecis Sync="TRUE">0</atprecis><attscale Sync="TRUE">0</attscale></attr><attr><attrlabl Sync="TRUE">Shape_Area</attrlabl><attalias Sync="TRUE">Shape_Area</attalias><attrtype Sync="TRUE">Double</attrtype><attwidth Sync="TRUE">19</attwidth><attrdef Sync="TRUE">Area of feature in internal units squared.</attrdef><attrdefs Sync="TRUE">ESRI</attrdefs><attrdomv><udom Sync="TRUE">Positive real numbers that are automatically generated.</udom></attrdomv><atprecis Sync="TRUE">0</atprecis><attscale Sync="TRUE">0</attscale></attr><attr><attrlabl Sync="TRUE">NRO_CMT</attrlabl><attalias Sync="TRUE">NRO_CMT</attalias><attrtype Sync="TRUE">String</attrtype><attwidth Sync="TRUE">254</attwidth><atprecis Sync="TRUE">0</atprecis><attscale Sync="TRUE">0</attscale></attr><attr><attrlabl Sync="TRUE">COMMENTS</attrlabl><attalias Sync="TRUE">COMMENTS</attalias><attrtype Sync="TRUE">String</attrtype><attwidth Sync="TRUE">254</attwidth><atprecis Sync="TRUE">0</atprecis><attscale Sync="TRUE">0</attscale></attr><attr><attrlabl Sync="TRUE">Shape_Leng</attrlabl><attalias Sync="TRUE">Shape_Leng</attalias><attrtype Sync="TRUE">Double</attrtype><attwidth Sync="TRUE">19</attwidth><atprecis Sync="TRUE">0</atprecis><attscale Sync="TRUE">0</attscale></attr><attr><attrlabl Sync="TRUE">M_Activity</attrlabl><attalias Sync="TRUE">M_Activity</attalias><attrtype Sync="TRUE">String</attrtype><attwidth Sync="TRUE">200</attwidth><atprecis Sync="TRUE">0</atprecis><attscale Sync="TRUE">0</attscale></attr><attr><attrlabl Sync="TRUE">Status</attrlabl><attalias Sync="TRUE">Status</attalias><attrtype Sync="TRUE">String</attrtype><attwidth Sync="TRUE">200</attwidth><atprecis Sync="TRUE">0</atprecis><attscale Sync="TRUE">0</attscale></attr><attr><attrlabl Sync="TRUE">Resp_acres</attrlabl><attalias Sync="TRUE">Resp_acres</attalias><attrtype Sync="TRUE">Double</attrtype><attwidth Sync="TRUE">19</attwidth><atprecis Sync="TRUE">0</atprecis><attscale Sync="TRUE">0</attscale></attr><attr><attrlabl Sync="TRUE">Shape_Le_1</attrlabl><attalias Sync="TRUE">Shape_Le_1</attalias><attrtype Sync="TRUE">Double</attrtype><attwidth Sync="TRUE">19</attwidth><atprecis Sync="TRUE">0</atprecis><attscale Sync="TRUE">0</attscale></attr><attr><attrlabl Sync="TRUE">Acres</attrlabl><attalias Sync="TRUE">Acres</attalias><attrtype Sync="TRUE">Double</attrtype><attwidth Sync="TRUE">19</attwidth><atprecis Sync="TRUE">0</atprecis><attscale Sync="TRUE">0</attscale></attr></detailed></eainfo><Binary/></metadata>
