<metadata xml:lang="en"><Esri><CreaDate>20160310</CreaDate><CreaTime>16343600</CreaTime><SyncOnce>FALSE</SyncOnce><SyncDate>20160419</SyncDate><SyncTime>08524000</SyncTime><ModDate>20160419</ModDate><ModTime>08524000</ModTime><DataProperties><lineage><Process ToolSource="C:\Program Files\ArcGIS\ArcToolbox\Toolboxes\Data Management Tools.tbx\CopyFeatures" Date="20080925" Time="111510">CopyFeatures S:\GIS\Projects\087756_DWR_Flood_Mgmt\080432\Deliverables\SacramentoSystem_LeveeSegments.shp S:\GIS\Projects\087756_DWR_Flood_Mgmt\080432\Deliverables\CVPFC.gdb\SacramentoSystem_LeveeSegments # 0 0 0</Process><Process Name="FeatureClassToFeatureClass_2" ToolSource="C:\Program Files\ArcGIS\ArcToolbox\Toolboxes\Conversion Tools.tbx\FeatureClassToFeatureClass" Date="20080925" Time="120407">FeatureClassToFeatureClass S:\GIS\Projects\087756_DWR_Flood_Mgmt\080432\Shapefiles\CVPFC_Staging.gdb\SacramentoSystem_LeveeSegs S:\GIS\Projects\087756_DWR_Flood_Mgmt\080432\Shapefiles\CVPFC_Staging.gdb\CVPFC SacramentoSystem_LeveeSegments # "OBJECTID OBJECTID true true false 4 Long 0 0 ,First,#,S:\GIS\Projects\087756_DWR_Flood_Mgmt\080432\Shapefiles\CVPFC_Staging.gdb\SacramentoSystem_LeveeSegs,OBJECTID,-1,-1;FC_FEATURE FC_FEATURE true true false 38 Text 0 0 ,First,#,S:\GIS\Projects\087756_DWR_Flood_Mgmt\080432\Shapefiles\CVPFC_Staging.gdb\SacramentoSystem_LeveeSegs,FC_FEATURE,-1,-1;SRC_CMMNT SRC_CMMNT true true false 254 Text 0 0 ,First,#,S:\GIS\Projects\087756_DWR_Flood_Mgmt\080432\Shapefiles\CVPFC_Staging.gdb\SacramentoSystem_LeveeSegs,SRC_CMMNT,-1,-1;OM_UNIT OM_UNIT true true false 4 Float 0 0 ,First,#,S:\GIS\Projects\087756_DWR_Flood_Mgmt\080432\Shapefiles\CVPFC_Staging.gdb\SacramentoSystem_LeveeSegs,OM_UNIT,-1,-1;LEVEEUNIT LEVEEUNIT true true false 4 Float 0 0 ,First,#,S:\GIS\Projects\087756_DWR_Flood_Mgmt\080432\Shapefiles\CVPFC_Staging.gdb\SacramentoSystem_LeveeSegs,LEVEEUNIT,-1,-1;RD_LeveeUn RD_LeveeUn true true false 2 Short 0 0 ,First,#,S:\GIS\Projects\087756_DWR_Flood_Mgmt\080432\Shapefiles\CVPFC_Staging.gdb\SacramentoSystem_LeveeSegs,RD_LeveeUn,-1,-1;MaintArea MaintArea true true false 2 Short 0 0 ,First,#,S:\GIS\Projects\087756_DWR_Flood_Mgmt\080432\Shapefiles\CVPFC_Staging.gdb\SacramentoSystem_LeveeSegs,MaintArea,-1,-1;Shape_Length Shape_Length false true true 8 Double 0 0 ,First,#,S:\GIS\Projects\087756_DWR_Flood_Mgmt\080432\Shapefiles\CVPFC_Staging.gdb\SacramentoSystem_LeveeSegs,Shape_Length,-1,-1" # S:\GIS\Projects\087756_DWR_Flood_Mgmt\080432\Shapefiles\CVPFC_Staging.gdb\CVPFC\SacramentoSystem_LeveeSegments</Process><Process ToolSource="C:\Program Files (x86)\ArcGIS\Desktop10.0\ArcToolbox\Toolboxes\Conversion Tools.tbx\FeatureClassToFeatureClass" Date="20101206" Time="094049">FeatureClassToFeatureClass Z:\Projects\087756_DWR_Flood_Mgmt\080432\Shapefiles_GDB\CVPFC_Staging_rs.gdb\CVPFC\SacramentoSystem_LeveeSegments Z:\Projects\087756_DWR_Flood_Mgmt\080432\Shapefiles_GDB\CVPFC_Staging.gdb\CVPFC SacramentoSystem_LeveeSegments # "OBJECTID "OBJECTID" true true false 4 Long 0 0 ,First,#,Z:\Projects\087756_DWR_Flood_Mgmt\080432\Shapefiles_GDB\CVPFC_Staging_rs.gdb\CVPFC\SacramentoSystem_LeveeSegments,OBJECTID,-1,-1;FC_FEATURE "FC_FEATURE" true true false 38 Text 0 0 ,First,#,Z:\Projects\087756_DWR_Flood_Mgmt\080432\Shapefiles_GDB\CVPFC_Staging_rs.gdb\CVPFC\SacramentoSystem_LeveeSegments,FC_FEATURE,-1,-1;SRC_CMMNT "SRC_CMMNT" true true false 254 Text 0 0 ,First,#,Z:\Projects\087756_DWR_Flood_Mgmt\080432\Shapefiles_GDB\CVPFC_Staging_rs.gdb\CVPFC\SacramentoSystem_LeveeSegments,SRC_CMMNT,-1,-1;OM_UNIT "OM_UNIT" true true false 4 Float 0 0 ,First,#,Z:\Projects\087756_DWR_Flood_Mgmt\080432\Shapefiles_GDB\CVPFC_Staging_rs.gdb\CVPFC\SacramentoSystem_LeveeSegments,OM_UNIT,-1,-1;LEVEEUNIT "LEVEEUNIT" true true false 4 Float 0 0 ,First,#,Z:\Projects\087756_DWR_Flood_Mgmt\080432\Shapefiles_GDB\CVPFC_Staging_rs.gdb\CVPFC\SacramentoSystem_LeveeSegments,LEVEEUNIT,-1,-1;RD_LeveeUn "RD_LeveeUn" true true false 2 Short 0 0 ,First,#,Z:\Projects\087756_DWR_Flood_Mgmt\080432\Shapefiles_GDB\CVPFC_Staging_rs.gdb\CVPFC\SacramentoSystem_LeveeSegments,RD_LeveeUn,-1,-1;MaintArea "MaintArea" true true false 2 Short 0 0 ,First,#,Z:\Projects\087756_DWR_Flood_Mgmt\080432\Shapefiles_GDB\CVPFC_Staging_rs.gdb\CVPFC\SacramentoSystem_LeveeSegments,MaintArea,-1,-1;OMMU "OMMU" true true false 50 Text 0 0 ,First,#,Z:\Projects\087756_DWR_Flood_Mgmt\080432\Shapefiles_GDB\CVPFC_Staging_rs.gdb\CVPFC\SacramentoSystem_LeveeSegments,OMMU,-1,-1;Shape_Length "Shape_Length" false true true 8 Double 0 0 ,First,#,Z:\Projects\087756_DWR_Flood_Mgmt\080432\Shapefiles_GDB\CVPFC_Staging_rs.gdb\CVPFC\SacramentoSystem_LeveeSegments,Shape_Length,-1,-1;LMA_ID "LMA_ID" true true false 4 Long 0 0 ,First,#,Z:\Projects\087756_DWR_Flood_Mgmt\080432\Shapefiles_GDB\CVPFC_Staging_rs.gdb\CVPFC\SacramentoSystem_LeveeSegments,LMA_ID,-1,-1;LMA_Name "LMA_Name" true true false 75 Text 0 0 ,First,#,Z:\Projects\087756_DWR_Flood_Mgmt\080432\Shapefiles_GDB\CVPFC_Staging_rs.gdb\CVPFC\SacramentoSystem_LeveeSegments,LMA_Name,-1,-1;LMA_Short "LMA_Short" true true false 10 Text 0 0 ,First,#,Z:\Projects\087756_DWR_Flood_Mgmt\080432\Shapefiles_GDB\CVPFC_Staging_rs.gdb\CVPFC\SacramentoSystem_LeveeSegments,LMA_Short,-1,-1;Agency_Nm "Agency_Nm" true true false 75 Text 0 0 ,First,#,Z:\Projects\087756_DWR_Flood_Mgmt\080432\Shapefiles_GDB\CVPFC_Staging_rs.gdb\CVPFC\SacramentoSystem_LeveeSegments,Agency_Nm,-1,-1;LMAUnit_ID "LMAUnit_ID" true true false 4 Long 0 0 ,First,#,Z:\Projects\087756_DWR_Flood_Mgmt\080432\Shapefiles_GDB\CVPFC_Staging_rs.gdb\CVPFC\SacramentoSystem_LeveeSegments,LMAUnit_ID,-1,-1;Unit_Code "Unit_Code" true true false 10 Text 0 0 ,First,#,Z:\Projects\087756_DWR_Flood_Mgmt\080432\Shapefiles_GDB\CVPFC_Staging_rs.gdb\CVPFC\SacramentoSystem_LeveeSegments,Unit_Code,-1,-1;LMAUnit_Nm "LMAUnit_Nm" true true false 75 Text 0 0 ,First,#,Z:\Projects\087756_DWR_Flood_Mgmt\080432\Shapefiles_GDB\CVPFC_Staging_rs.gdb\CVPFC\SacramentoSystem_LeveeSegments,LMAUnit_Nm,-1,-1;Bank "Bank" true true false 5 Text 0 0 ,First,#,Z:\Projects\087756_DWR_Flood_Mgmt\080432\Shapefiles_GDB\CVPFC_Staging_rs.gdb\CVPFC\SacramentoSystem_LeveeSegments,Bank,-1,-1;UnitLength "UnitLength" true true false 8 Double 0 0 ,First,#,Z:\Projects\087756_DWR_Flood_Mgmt\080432\Shapefiles_GDB\CVPFC_Staging_rs.gdb\CVPFC\SacramentoSystem_LeveeSegments,UnitLength,-1,-1;GEI_UnitID "GEI_UnitID" true true false 4 Long 0 0 ,First,#,Z:\Projects\087756_DWR_Flood_Mgmt\080432\Shapefiles_GDB\CVPFC_Staging_rs.gdb\CVPFC\SacramentoSystem_LeveeSegments,GEI_UnitID,-1,-1;LevLog_Mi "LevLog_Mi" true true false 8 Double 0 0 ,First,#,Z:\Projects\087756_DWR_Flood_Mgmt\080432\Shapefiles_GDB\CVPFC_Staging_rs.gdb\CVPFC\SacramentoSystem_LeveeSegments,LevLog_Mi,-1,-1;LL_Comment "LL_Comment" true true false 150 Text 0 0 ,First,#,Z:\Projects\087756_DWR_Flood_Mgmt\080432\Shapefiles_GDB\CVPFC_Staging_rs.gdb\CVPFC\SacramentoSystem_LeveeSegments,LL_Comment,-1,-1;LL_Source "LL_Source" true true false 255 Text 0 0 ,First,#,Z:\Projects\087756_DWR_Flood_Mgmt\080432\Shapefiles_GDB\CVPFC_Staging_rs.gdb\CVPFC\SacramentoSystem_LeveeSegments,LL_Source,-1,-1;Miles_Calc "Miles_Calc" true true false 8 Double 0 0 ,First,#,Z:\Projects\087756_DWR_Flood_Mgmt\080432\Shapefiles_GDB\CVPFC_Staging_rs.gdb\CVPFC\SacramentoSystem_LeveeSegments,Miles_Calc,-1,-1;Plate_Num "Plate_Num" true true false 50 Text 0 0 ,First,#,Z:\Projects\087756_DWR_Flood_Mgmt\080432\Shapefiles_GDB\CVPFC_Staging_rs.gdb\CVPFC\SacramentoSystem_LeveeSegments,Plate_Num,-1,-1;Assur_Agr "Assur_Agr" true true false 100 Text 0 0 ,First,#,Z:\Projects\087756_DWR_Flood_Mgmt\080432\Shapefiles_GDB\CVPFC_Staging_rs.gdb\CVPFC\SacramentoSystem_LeveeSegments,Assur_Agr,-1,-1;Assur_Agr2 "Assur_Agr2" true true false 100 Text 0 0 ,First,#,Z:\Projects\087756_DWR_Flood_Mgmt\080432\Shapefiles_GDB\CVPFC_Staging_rs.gdb\CVPFC\SacramentoSystem_LeveeSegments,Assur_Agr2,-1,-1;Assur_Agr3 "Assur_Agr3" true true false 100 Text 0 0 ,First,#,Z:\Projects\087756_DWR_Flood_Mgmt\080432\Shapefiles_GDB\CVPFC_Staging_rs.gdb\CVPFC\SacramentoSystem_LeveeSegments,Assur_Agr3,-1,-1;Assur_Agr4 "Assur_Agr4" true true false 100 Text 0 0 ,First,#,Z:\Projects\087756_DWR_Flood_Mgmt\080432\Shapefiles_GDB\CVPFC_Staging_rs.gdb\CVPFC\SacramentoSystem_LeveeSegments,Assur_Agr4,-1,-1;Assur_Agr5 "Assur_Agr5" true true false 100 Text 0 0 ,First,#,Z:\Projects\087756_DWR_Flood_Mgmt\080432\Shapefiles_GDB\CVPFC_Staging_rs.gdb\CVPFC\SacramentoSystem_LeveeSegments,Assur_Agr5,-1,-1;Assur_Agr6 "Assur_Agr6" true true false 100 Text 0 0 ,First,#,Z:\Projects\087756_DWR_Flood_Mgmt\080432\Shapefiles_GDB\CVPFC_Staging_rs.gdb\CVPFC\SacramentoSystem_LeveeSegments,Assur_Agr6,-1,-1;Assur_Agr7 "Assur_Agr7" true true false 100 Text 0 0 ,First,#,Z:\Projects\087756_DWR_Flood_Mgmt\080432\Shapefiles_GDB\CVPFC_Staging_rs.gdb\CVPFC\SacramentoSystem_LeveeSegments,Assur_Agr7,-1,-1;Assur_Agr8 "Assur_Agr8" true true false 100 Text 0 0 ,First,#,Z:\Projects\087756_DWR_Flood_Mgmt\080432\Shapefiles_GDB\CVPFC_Staging_rs.gdb\CVPFC\SacramentoSystem_LeveeSegments,Assur_Agr8,-1,-1;CWC_Section "CWC_Section" true true false 50 Text 0 0 ,First,#,Z:\Projects\087756_DWR_Flood_Mgmt\080432\Shapefiles_GDB\CVPFC_Staging_rs.gdb\CVPFC\SacramentoSystem_LeveeSegments,CWC_Section,-1,-1;CWC_Section2 "CWC_Section2" true true false 50 Text 0 0 ,First,#,Z:\Projects\087756_DWR_Flood_Mgmt\080432\Shapefiles_GDB\CVPFC_Staging_rs.gdb\CVPFC\SacramentoSystem_LeveeSegments,CWC_Section2,-1,-1;CWC_Section3 "CWC_Section3" true true false 50 Text 0 0 ,First,#,Z:\Projects\087756_DWR_Flood_Mgmt\080432\Shapefiles_GDB\CVPFC_Staging_rs.gdb\CVPFC\SacramentoSystem_LeveeSegments,CWC_Section3,-1,-1;CWC_Section4 "CWC_Section4" true true false 50 Text 0 0 ,First,#,Z:\Projects\087756_DWR_Flood_Mgmt\080432\Shapefiles_GDB\CVPFC_Staging_rs.gdb\CVPFC\SacramentoSystem_LeveeSegments,CWC_Section4,-1,-1;CWC_Section5 "CWC_Section5" true true false 50 Text 0 0 ,First,#,Z:\Projects\087756_DWR_Flood_Mgmt\080432\Shapefiles_GDB\CVPFC_Staging_rs.gdb\CVPFC\SacramentoSystem_LeveeSegments,CWC_Section5,-1,-1;CWC_Section6 "CWC_Section6" true true false 50 Text 0 0 ,First,#,Z:\Projects\087756_DWR_Flood_Mgmt\080432\Shapefiles_GDB\CVPFC_Staging_rs.gdb\CVPFC\SacramentoSystem_LeveeSegments,CWC_Section6,-1,-1;CWC_Section7 "CWC_Section7" true true false 50 Text 0 0 ,First,#,Z:\Projects\087756_DWR_Flood_Mgmt\080432\Shapefiles_GDB\CVPFC_Staging_rs.gdb\CVPFC\SacramentoSystem_LeveeSegments,CWC_Section7,-1,-1;CWC_Section8 "CWC_Section8" true true false 50 Text 0 0 ,First,#,Z:\Projects\087756_DWR_Flood_Mgmt\080432\Shapefiles_GDB\CVPFC_Staging_rs.gdb\CVPFC\SacramentoSystem_LeveeSegments,CWC_Section8,-1,-1;CWC_Section9 "CWC_Section9" true true false 50 Text 0 0 ,First,#,Z:\Projects\087756_DWR_Flood_Mgmt\080432\Shapefiles_GDB\CVPFC_Staging_rs.gdb\CVPFC\SacramentoSystem_LeveeSegments,CWC_Section9,-1,-1;CWC_Section10 "CWC_Section10" true true false 50 Text 0 0 ,First,#,Z:\Projects\087756_DWR_Flood_Mgmt\080432\Shapefiles_GDB\CVPFC_Staging_rs.gdb\CVPFC\SacramentoSystem_LeveeSegments,CWC_Section10,-1,-1;CWC_Section11 "CWC_Section11" true true false 50 Text 0 0 ,First,#,Z:\Projects\087756_DWR_Flood_Mgmt\080432\Shapefiles_GDB\CVPFC_Staging_rs.gdb\CVPFC\SacramentoSystem_LeveeSegments,CWC_Section11,-1,-1;CWC_Section12 "CWC_Section12" true true false 50 Text 0 0 ,First,#,Z:\Projects\087756_DWR_Flood_Mgmt\080432\Shapefiles_GDB\CVPFC_Staging_rs.gdb\CVPFC\SacramentoSystem_LeveeSegments,CWC_Section12,-1,-1;CWC_Section13 "CWC_Section13" true true false 50 Text 0 0 ,First,#,Z:\Projects\087756_DWR_Flood_Mgmt\080432\Shapefiles_GDB\CVPFC_Staging_rs.gdb\CVPFC\SacramentoSystem_LeveeSegments,CWC_Section13,-1,-1;CWC_Section14 "CWC_Section14" true true false 50 Text 0 0 ,First,#,Z:\Projects\087756_DWR_Flood_Mgmt\080432\Shapefiles_GDB\CVPFC_Staging_rs.gdb\CVPFC\SacramentoSystem_LeveeSegments,CWC_Section14,-1,-1;County "County" true true false 50 Text 0 0 ,First,#,Z:\Projects\087756_DWR_Flood_Mgmt\080432\Shapefiles_GDB\CVPFC_Staging_rs.gdb\CVPFC\SacramentoSystem_LeveeSegments,County,-1,-1;Fall_IR_08 "Fall_IR_08" true true false 5 Text 0 0 ,First,#,Z:\Projects\087756_DWR_Flood_Mgmt\080432\Shapefiles_GDB\CVPFC_Staging_rs.gdb\CVPFC\SacramentoSystem_LeveeSegments,Fall_IR_08,-1,-1;Plat_File "Plat_File" true true false 50 Text 0 0 ,First,#,Z:\Projects\087756_DWR_Flood_Mgmt\080432\Shapefiles_GDB\CVPFC_Staging_rs.gdb\CVPFC\SacramentoSystem_LeveeSegments,Plat_File,-1,-1;Aerial_File "Aerial_File" true true false 50 Text 0 0 ,First,#,Z:\Projects\087756_DWR_Flood_Mgmt\080432\Shapefiles_GDB\CVPFC_Staging_rs.gdb\CVPFC\SacramentoSystem_LeveeSegments,Aerial_File,-1,-1;Hist_LMA "Hist_LMA" true true false 75 Text 0 0 ,First,#,Z:\Projects\087756_DWR_Flood_Mgmt\080432\Shapefiles_GDB\CVPFC_Staging_rs.gdb\CVPFC\SacramentoSystem_LeveeSegments,Hist_LMA,-1,-1;OMMU_2 "OMMU_2" true true false 10 Text 0 0 ,First,#,Z:\Projects\087756_DWR_Flood_Mgmt\080432\Shapefiles_GDB\CVPFC_Staging_rs.gdb\CVPFC\SacramentoSystem_LeveeSegments,OMMU_2,-1,-1;OMMU_3 "OMMU_3" true true false 10 Text 0 0 ,First,#,Z:\Projects\087756_DWR_Flood_Mgmt\080432\Shapefiles_GDB\CVPFC_Staging_rs.gdb\CVPFC\SacramentoSystem_LeveeSegments,OMMU_3,-1,-1" #</Process><Process ToolSource="c:\program files (x86)\arcgis\desktop10.1\ArcToolbox\Toolboxes\Data Management Tools.tbx\CalculateField" Date="20130903" Time="100358">CalculateField SacramentoSystem_LeveeSegments Plat_File1 [Plat_File] VB #</Process><Process ToolSource="c:\program files (x86)\arcgis\desktop10.1\ArcToolbox\Toolboxes\Data Management Tools.tbx\CalculateField" Date="20130903" Time="100412">CalculateField SacramentoSystem_LeveeSegments Aerial_F_1 [Aerial_Fil] VB #</Process><Process ToolSource="c:\program files (x86)\arcgis\desktop10.1\ArcToolbox\Toolboxes\Data Management Tools.tbx\CalculateField" Date="20130903" Time="100525">CalculateField SacramentoSystem_LeveeSegments Plat_File [Plat_File1] VB #</Process><Process ToolSource="c:\program files (x86)\arcgis\desktop10.1\ArcToolbox\Toolboxes\Data Management Tools.tbx\CalculateField" Date="20130903" Time="100536">CalculateField SacramentoSystem_LeveeSegments Aerial_Fil [Aerial_F_1] VB #</Process><Process ToolSource="c:\program files (x86)\arcgis\desktop10.1\ArcToolbox\Toolboxes\Data Management Tools.tbx\Merge" Date="20130903" Time="100620">Merge SacramentoSystem_LeveeSegments;SanJoaquinSystem_LeveeSegments Z:\Projects\129040\Geodatabase\LeveeSegments.shp "OBJECTID_1 "OBJECTID_1" true true false 9 Long 0 9 ,First,#,SacramentoSystem_LeveeSegments,OBJECTID_1,-1,-1;OBJECTID "OBJECTID" true true false 9 Long 0 9 ,First,#,SacramentoSystem_LeveeSegments,OBJECTID,-1,-1,SanJoaquinSystem_LeveeSegments,OBJECTID,-1,-1;FC_FEATURE "FC_FEATURE" true true false 38 Text 0 0 ,First,#,SacramentoSystem_LeveeSegments,FC_FEATURE,-1,-1,SanJoaquinSystem_LeveeSegments,FC_FEATURE,-1,-1;SRC_CMMNT "SRC_CMMNT" true true false 254 Text 0 0 ,First,#,SacramentoSystem_LeveeSegments,SRC_CMMNT,-1,-1,SanJoaquinSystem_LeveeSegments,SRC_CMMNT,-1,-1;OM_UNIT "OM_UNIT" true true false 13 Float 0 0 ,First,#,SacramentoSystem_LeveeSegments,OM_UNIT,-1,-1,SanJoaquinSystem_LeveeSegments,OM_Unit,-1,-1;LEVEEUNIT "LEVEEUNIT" true true false 13 Float 0 0 ,First,#,SacramentoSystem_LeveeSegments,LEVEEUNIT,-1,-1;RD_LeveeUn "RD_LeveeUn" true true false 4 Short 0 4 ,First,#,SacramentoSystem_LeveeSegments,RD_LeveeUn,-1,-1;MaintArea "MaintArea" true true false 4 Short 0 4 ,First,#,SacramentoSystem_LeveeSegments,MaintArea,-1,-1;OMMU "OMMU" true true false 50 Text 0 0 ,First,#,SacramentoSystem_LeveeSegments,OMMU,-1,-1,SanJoaquinSystem_LeveeSegments,OMMU,-1,-1;LMA_ID "LMA_ID" true true false 9 Long 0 9 ,First,#,SacramentoSystem_LeveeSegments,LMA_ID,-1,-1,SanJoaquinSystem_LeveeSegments,LMA_ID,-1,-1;LMA_Name "LMA_Name" true true false 75 Text 0 0 ,First,#,SacramentoSystem_LeveeSegments,LMA_Name,-1,-1,SanJoaquinSystem_LeveeSegments,LMA_Name,-1,-1;LMA_Short "LMA_Short" true true false 10 Text 0 0 ,First,#,SacramentoSystem_LeveeSegments,LMA_Short,-1,-1,SanJoaquinSystem_LeveeSegments,LMA_Short,-1,-1;Agency_Nm "Agency_Nm" true true false 75 Text 0 0 ,First,#,SacramentoSystem_LeveeSegments,Agency_Nm,-1,-1,SanJoaquinSystem_LeveeSegments,Agency_Nm,-1,-1;LMAUnit_ID "LMAUnit_ID" true true false 9 Long 0 9 ,First,#,SacramentoSystem_LeveeSegments,LMAUnit_ID,-1,-1,SanJoaquinSystem_LeveeSegments,LMAUnit_ID,-1,-1;Unit_Code "Unit_Code" true true false 10 Text 0 0 ,First,#,SacramentoSystem_LeveeSegments,Unit_Code,-1,-1,SanJoaquinSystem_LeveeSegments,Unit_Code,-1,-1;LMAUnit_Nm "LMAUnit_Nm" true true false 75 Text 0 0 ,First,#,SacramentoSystem_LeveeSegments,LMAUnit_Nm,-1,-1,SanJoaquinSystem_LeveeSegments,LMAUnit_Nm,-1,-1;Bank "Bank" true true false 5 Text 0 0 ,First,#,SacramentoSystem_LeveeSegments,Bank,-1,-1,SanJoaquinSystem_LeveeSegments,Bank,-1,-1;UnitLength "UnitLength" true true false 19 Double 0 0 ,First,#,SacramentoSystem_LeveeSegments,UnitLength,-1,-1,SanJoaquinSystem_LeveeSegments,UnitLength,-1,-1;GEI_UnitID "GEI_UnitID" true true false 9 Long 0 9 ,First,#,SacramentoSystem_LeveeSegments,GEI_UnitID,-1,-1,SanJoaquinSystem_LeveeSegments,GEI_UnitID,-1,-1;LevLog_Mi "LevLog_Mi" true true false 19 Double 0 0 ,First,#,SacramentoSystem_LeveeSegments,LevLog_Mi,-1,-1,SanJoaquinSystem_LeveeSegments,LevLog_Mi,-1,-1;LL_Comment "LL_Comment" true true false 150 Text 0 0 ,First,#,SacramentoSystem_LeveeSegments,LL_Comment,-1,-1,SanJoaquinSystem_LeveeSegments,LL_Comment,-1,-1;LL_Source "LL_Source" true true false 254 Text 0 0 ,First,#,SacramentoSystem_LeveeSegments,LL_Source,-1,-1,SanJoaquinSystem_LeveeSegments,LL_Source,-1,-1;Miles_Calc "Miles_Calc" true true false 19 Double 0 0 ,First,#,SacramentoSystem_LeveeSegments,Miles_Calc,-1,-1,SanJoaquinSystem_LeveeSegments,Miles_Calc,-1,-1;Plate_Num "Plate_Num" true true false 50 Text 0 0 ,First,#,SacramentoSystem_LeveeSegments,Plate_Num,-1,-1,SanJoaquinSystem_LeveeSegments,Plate_Num,-1,-1;Assur_Agr "Assur_Agr" true true false 100 Text 0 0 ,First,#,SacramentoSystem_LeveeSegments,Assur_Agr,-1,-1,SanJoaquinSystem_LeveeSegments,Assur_Agr,-1,-1;Assur_Agr2 "Assur_Agr2" true true false 100 Text 0 0 ,First,#,SacramentoSystem_LeveeSegments,Assur_Agr2,-1,-1,SanJoaquinSystem_LeveeSegments,Assur_Agr2,-1,-1;Assur_Agr3 "Assur_Agr3" true true false 100 Text 0 0 ,First,#,SacramentoSystem_LeveeSegments,Assur_Agr3,-1,-1,SanJoaquinSystem_LeveeSegments,Assur_Agr3,-1,-1;Assur_Agr4 "Assur_Agr4" true true false 100 Text 0 0 ,First,#,SacramentoSystem_LeveeSegments,Assur_Agr4,-1,-1,SanJoaquinSystem_LeveeSegments,Assur_Agr4,-1,-1;Assur_Agr5 "Assur_Agr5" true true false 100 Text 0 0 ,First,#,SacramentoSystem_LeveeSegments,Assur_Agr5,-1,-1,SanJoaquinSystem_LeveeSegments,Assur_Agr5,-1,-1;Assur_Agr6 "Assur_Agr6" true true false 100 Text 0 0 ,First,#,SacramentoSystem_LeveeSegments,Assur_Agr6,-1,-1,SanJoaquinSystem_LeveeSegments,Assur_Agr6,-1,-1;Assur_Agr7 "Assur_Agr7" true true false 100 Text 0 0 ,First,#,SacramentoSystem_LeveeSegments,Assur_Agr7,-1,-1,SanJoaquinSystem_LeveeSegments,Assur_Agr7,-1,-1;Assur_Agr8 "Assur_Agr8" true true false 100 Text 0 0 ,First,#,SacramentoSystem_LeveeSegments,Assur_Agr8,-1,-1;CWC_Sectio "CWC_Sectio" true true false 50 Text 0 0 ,First,#,SacramentoSystem_LeveeSegments,CWC_Sectio,-1,-1,SanJoaquinSystem_LeveeSegments,CWC_Sectio,-1,-1;CWC_Sect_1 "CWC_Sect_1" true true false 50 Text 0 0 ,First,#,SacramentoSystem_LeveeSegments,CWC_Sect_1,-1,-1,SanJoaquinSystem_LeveeSegments,CWC_Sect_1,-1,-1;CWC_Sect_2 "CWC_Sect_2" true true false 50 Text 0 0 ,First,#,SacramentoSystem_LeveeSegments,CWC_Sect_2,-1,-1,SanJoaquinSystem_LeveeSegments,CWC_Sect_2,-1,-1;CWC_Sect_3 "CWC_Sect_3" true true false 50 Text 0 0 ,First,#,SacramentoSystem_LeveeSegments,CWC_Sect_3,-1,-1,SanJoaquinSystem_LeveeSegments,CWC_Sect_3,-1,-1;CWC_Sect_4 "CWC_Sect_4" true true false 50 Text 0 0 ,First,#,SacramentoSystem_LeveeSegments,CWC_Sect_4,-1,-1,SanJoaquinSystem_LeveeSegments,CWC_Sect_4,-1,-1;CWC_Sect_5 "CWC_Sect_5" true true false 50 Text 0 0 ,First,#,SacramentoSystem_LeveeSegments,CWC_Sect_5,-1,-1,SanJoaquinSystem_LeveeSegments,CWC_Sect_5,-1,-1;CWC_Sect_6 "CWC_Sect_6" true true false 50 Text 0 0 ,First,#,SacramentoSystem_LeveeSegments,CWC_Sect_6,-1,-1,SanJoaquinSystem_LeveeSegments,CWC_Sect_6,-1,-1;CWC_Sect_7 "CWC_Sect_7" true true false 50 Text 0 0 ,First,#,SacramentoSystem_LeveeSegments,CWC_Sect_7,-1,-1;CWC_Sect_8 "CWC_Sect_8" true true false 50 Text 0 0 ,First,#,SacramentoSystem_LeveeSegments,CWC_Sect_8,-1,-1;CWC_Sect_9 "CWC_Sect_9" true true false 50 Text 0 0 ,First,#,SacramentoSystem_LeveeSegments,CWC_Sect_9,-1,-1;CWC_Sec_10 "CWC_Sec_10" true true false 50 Text 0 0 ,First,#,SacramentoSystem_LeveeSegments,CWC_Sec_10,-1,-1;CWC_Sec_11 "CWC_Sec_11" true true false 50 Text 0 0 ,First,#,SacramentoSystem_LeveeSegments,CWC_Sec_11,-1,-1;CWC_Sec_12 "CWC_Sec_12" true true false 50 Text 0 0 ,First,#,SacramentoSystem_LeveeSegments,CWC_Sec_12,-1,-1;CWC_Sec_13 "CWC_Sec_13" true true false 50 Text 0 0 ,First,#,SacramentoSystem_LeveeSegments,CWC_Sec_13,-1,-1;County "County" true true false 50 Text 0 0 ,First,#,SacramentoSystem_LeveeSegments,County,-1,-1,SanJoaquinSystem_LeveeSegments,County,-1,-1;Fall_IR_08 "Fall_IR_08" true true false 5 Text 0 0 ,First,#,SacramentoSystem_LeveeSegments,Fall_IR_08,-1,-1,SanJoaquinSystem_LeveeSegments,Fall_IR_08,-1,-1;Hist_LMA "Hist_LMA" true true false 75 Text 0 0 ,First,#,SacramentoSystem_LeveeSegments,Hist_LMA,-1,-1,SanJoaquinSystem_LeveeSegments,Hist_LMA,-1,-1;OMMU_2 "OMMU_2" true true false 10 Text 0 0 ,First,#,SacramentoSystem_LeveeSegments,OMMU_2,-1,-1;OMMU_3 "OMMU_3" true true false 10 Text 0 0 ,First,#,SacramentoSystem_LeveeSegments,OMMU_3,-1,-1;Shape_Leng "Shape_Leng" true true false 19 Double 0 0 ,First,#,SacramentoSystem_LeveeSegments,Shape_Leng,-1,-1,SanJoaquinSystem_LeveeSegments,Shape_Leng,-1,-1;Plat_File "Plat_File" true true false 75 Text 0 0 ,First,#,SacramentoSystem_LeveeSegments,Plat_File,-1,-1,SanJoaquinSystem_LeveeSegments,Plat_File,-1,-1;Aerial_Fil "Aerial_Fil" true true false 75 Text 0 0 ,First,#,SacramentoSystem_LeveeSegments,Aerial_Fil,-1,-1,SanJoaquinSystem_LeveeSegments,Aerial_Fil,-1,-1;Levee_Unit "Levee_Unit" true true false 4 Short 0 4 ,First,#,SanJoaquinSystem_LeveeSegments,Levee_Unit,-1,-1"</Process><Process ToolSource="c:\program files (x86)\arcgis\desktop10.1\ArcToolbox\Toolboxes\Data Management Tools.tbx\Project" Date="20140117" Time="142308">Project DWR_LM_UNIT_Segments Z:\Projects\139860_DWR_FloodER2\1402_LeveeRivMile_Calc\Shapefiles\DWR_LMA_UNIT_Segments_NAD83_UTM10.shp PROJCS['NAD_1983_UTM_Zone_10N',GEOGCS['GCS_North_American_1983',DATUM['D_North_American_1983',SPHEROID['GRS_1980',6378137.0,298.257222101]],PRIMEM['Greenwich',0.0],UNIT['Degree',0.0174532925199433]],PROJECTION['Transverse_Mercator'],PARAMETER['False_Easting',500000.0],PARAMETER['False_Northing',0.0],PARAMETER['Central_Meridian',-123.0],PARAMETER['Scale_Factor',0.9996],PARAMETER['Latitude_Of_Origin',0.0],UNIT['Meter',1.0]] # PROJCS['NAD_1983_California_Teale_Albers',GEOGCS['GCS_North_American_1983',DATUM['D_North_American_1983',SPHEROID['GRS_1980',6378137.0,298.257222101]],PRIMEM['Greenwich',0.0],UNIT['Degree',0.0174532925199433]],PROJECTION['Albers'],PARAMETER['False_Easting',0.0],PARAMETER['False_Northing',-4000000.0],PARAMETER['Central_Meridian',-120.0],PARAMETER['Standard_Parallel_1',34.0],PARAMETER['Standard_Parallel_2',40.5],PARAMETER['Latitude_Of_Origin',0.0],UNIT['Meter',1.0]]</Process><Process ToolSource="c:\program files (x86)\arcgis\desktop10.1\ArcToolbox\Toolboxes\Conversion Tools.tbx\FeatureClassToFeatureClass" Date="20140410" Time="115854">FeatureClassToFeatureClass Z:\Projects\139860_DWR_FloodER2\1402_LeveeRivMile_Calc\Shapefiles\DWR_LMA_UNIT_Segments_NAD83_UTM10.shp Z:\Projects\139860_DWR_FloodER2\1402_LeveeRivMile_Calc\Shapefiles\LeveeAlignments.gdb\LeveeSegments DWR_LMA_Unit_Segments_realigned # "OBJECTID_1 "OBJECTID_1" true true false 9 Long 0 9 ,First,#,Z:\Projects\139860_DWR_FloodER2\1402_LeveeRivMile_Calc\Shapefiles\DWR_LMA_UNIT_Segments_NAD83_UTM10.shp,OBJECTID_1,-1,-1;OBJECTID "OBJECTID" true true false 9 Long 0 9 ,First,#,Z:\Projects\139860_DWR_FloodER2\1402_LeveeRivMile_Calc\Shapefiles\DWR_LMA_UNIT_Segments_NAD83_UTM10.shp,OBJECTID,-1,-1;FC_FEATURE "FC_FEATURE" true true false 38 Text 0 0 ,First,#,Z:\Projects\139860_DWR_FloodER2\1402_LeveeRivMile_Calc\Shapefiles\DWR_LMA_UNIT_Segments_NAD83_UTM10.shp,FC_FEATURE,-1,-1;SRC_CMMNT "SRC_CMMNT" true true false 254 Text 0 0 ,First,#,Z:\Projects\139860_DWR_FloodER2\1402_LeveeRivMile_Calc\Shapefiles\DWR_LMA_UNIT_Segments_NAD83_UTM10.shp,SRC_CMMNT,-1,-1;OM_UNIT "OM_UNIT" true true false 13 Float 0 0 ,First,#,Z:\Projects\139860_DWR_FloodER2\1402_LeveeRivMile_Calc\Shapefiles\DWR_LMA_UNIT_Segments_NAD83_UTM10.shp,OM_UNIT,-1,-1;LEVEEUNIT "LEVEEUNIT" true true false 13 Float 0 0 ,First,#,Z:\Projects\139860_DWR_FloodER2\1402_LeveeRivMile_Calc\Shapefiles\DWR_LMA_UNIT_Segments_NAD83_UTM10.shp,LEVEEUNIT,-1,-1;RD_LeveeUn "RD_LeveeUn" true true false 4 Short 0 4 ,First,#,Z:\Projects\139860_DWR_FloodER2\1402_LeveeRivMile_Calc\Shapefiles\DWR_LMA_UNIT_Segments_NAD83_UTM10.shp,RD_LeveeUn,-1,-1;MaintArea "MaintArea" true true false 4 Short 0 4 ,First,#,Z:\Projects\139860_DWR_FloodER2\1402_LeveeRivMile_Calc\Shapefiles\DWR_LMA_UNIT_Segments_NAD83_UTM10.shp,MaintArea,-1,-1;OMMU "OMMU" true true false 50 Text 0 0 ,First,#,Z:\Projects\139860_DWR_FloodER2\1402_LeveeRivMile_Calc\Shapefiles\DWR_LMA_UNIT_Segments_NAD83_UTM10.shp,OMMU,-1,-1;LMA_ID "LMA_ID" true true false 9 Long 0 9 ,First,#,Z:\Projects\139860_DWR_FloodER2\1402_LeveeRivMile_Calc\Shapefiles\DWR_LMA_UNIT_Segments_NAD83_UTM10.shp,LMA_ID,-1,-1;LMA_Name "LMA_Name" true true false 75 Text 0 0 ,First,#,Z:\Projects\139860_DWR_FloodER2\1402_LeveeRivMile_Calc\Shapefiles\DWR_LMA_UNIT_Segments_NAD83_UTM10.shp,LMA_Name,-1,-1;LMA_Short "LMA_Short" true true false 10 Text 0 0 ,First,#,Z:\Projects\139860_DWR_FloodER2\1402_LeveeRivMile_Calc\Shapefiles\DWR_LMA_UNIT_Segments_NAD83_UTM10.shp,LMA_Short,-1,-1;Agency_Nm "Agency_Nm" true true false 75 Text 0 0 ,First,#,Z:\Projects\139860_DWR_FloodER2\1402_LeveeRivMile_Calc\Shapefiles\DWR_LMA_UNIT_Segments_NAD83_UTM10.shp,Agency_Nm,-1,-1;LMAUnit_ID "LMAUnit_ID" true true false 9 Long 0 9 ,First,#,Z:\Projects\139860_DWR_FloodER2\1402_LeveeRivMile_Calc\Shapefiles\DWR_LMA_UNIT_Segments_NAD83_UTM10.shp,LMAUnit_ID,-1,-1;Unit_Code "Unit_Code" true true false 10 Text 0 0 ,First,#,Z:\Projects\139860_DWR_FloodER2\1402_LeveeRivMile_Calc\Shapefiles\DWR_LMA_UNIT_Segments_NAD83_UTM10.shp,Unit_Code,-1,-1;LMAUnit_Nm "LMAUnit_Nm" true true false 75 Text 0 0 ,First,#,Z:\Projects\139860_DWR_FloodER2\1402_LeveeRivMile_Calc\Shapefiles\DWR_LMA_UNIT_Segments_NAD83_UTM10.shp,LMAUnit_Nm,-1,-1;Bank "Bank" true true false 5 Text 0 0 ,First,#,Z:\Projects\139860_DWR_FloodER2\1402_LeveeRivMile_Calc\Shapefiles\DWR_LMA_UNIT_Segments_NAD83_UTM10.shp,Bank,-1,-1;UnitLength "UnitLength" true true false 19 Double 0 0 ,First,#,Z:\Projects\139860_DWR_FloodER2\1402_LeveeRivMile_Calc\Shapefiles\DWR_LMA_UNIT_Segments_NAD83_UTM10.shp,UnitLength,-1,-1;GEI_UnitID "GEI_UnitID" true true false 9 Long 0 9 ,First,#,Z:\Projects\139860_DWR_FloodER2\1402_LeveeRivMile_Calc\Shapefiles\DWR_LMA_UNIT_Segments_NAD83_UTM10.shp,GEI_UnitID,-1,-1;LevLog_Mi "LevLog_Mi" true true false 19 Double 0 0 ,First,#,Z:\Projects\139860_DWR_FloodER2\1402_LeveeRivMile_Calc\Shapefiles\DWR_LMA_UNIT_Segments_NAD83_UTM10.shp,LevLog_Mi,-1,-1;LL_Comment "LL_Comment" true true false 150 Text 0 0 ,First,#,Z:\Projects\139860_DWR_FloodER2\1402_LeveeRivMile_Calc\Shapefiles\DWR_LMA_UNIT_Segments_NAD83_UTM10.shp,LL_Comment,-1,-1;LL_Source "LL_Source" true true false 254 Text 0 0 ,First,#,Z:\Projects\139860_DWR_FloodER2\1402_LeveeRivMile_Calc\Shapefiles\DWR_LMA_UNIT_Segments_NAD83_UTM10.shp,LL_Source,-1,-1;Miles_Calc "Miles_Calc" true true false 19 Double 0 0 ,First,#,Z:\Projects\139860_DWR_FloodER2\1402_LeveeRivMile_Calc\Shapefiles\DWR_LMA_UNIT_Segments_NAD83_UTM10.shp,Miles_Calc,-1,-1;Plate_Num "Plate_Num" true true false 50 Text 0 0 ,First,#,Z:\Projects\139860_DWR_FloodER2\1402_LeveeRivMile_Calc\Shapefiles\DWR_LMA_UNIT_Segments_NAD83_UTM10.shp,Plate_Num,-1,-1;Assur_Agr "Assur_Agr" true true false 100 Text 0 0 ,First,#,Z:\Projects\139860_DWR_FloodER2\1402_LeveeRivMile_Calc\Shapefiles\DWR_LMA_UNIT_Segments_NAD83_UTM10.shp,Assur_Agr,-1,-1;Assur_Agr2 "Assur_Agr2" true true false 100 Text 0 0 ,First,#,Z:\Projects\139860_DWR_FloodER2\1402_LeveeRivMile_Calc\Shapefiles\DWR_LMA_UNIT_Segments_NAD83_UTM10.shp,Assur_Agr2,-1,-1;Assur_Agr3 "Assur_Agr3" true true false 100 Text 0 0 ,First,#,Z:\Projects\139860_DWR_FloodER2\1402_LeveeRivMile_Calc\Shapefiles\DWR_LMA_UNIT_Segments_NAD83_UTM10.shp,Assur_Agr3,-1,-1;Assur_Agr4 "Assur_Agr4" true true false 100 Text 0 0 ,First,#,Z:\Projects\139860_DWR_FloodER2\1402_LeveeRivMile_Calc\Shapefiles\DWR_LMA_UNIT_Segments_NAD83_UTM10.shp,Assur_Agr4,-1,-1;Assur_Agr5 "Assur_Agr5" true true false 100 Text 0 0 ,First,#,Z:\Projects\139860_DWR_FloodER2\1402_LeveeRivMile_Calc\Shapefiles\DWR_LMA_UNIT_Segments_NAD83_UTM10.shp,Assur_Agr5,-1,-1;Assur_Agr6 "Assur_Agr6" true true false 100 Text 0 0 ,First,#,Z:\Projects\139860_DWR_FloodER2\1402_LeveeRivMile_Calc\Shapefiles\DWR_LMA_UNIT_Segments_NAD83_UTM10.shp,Assur_Agr6,-1,-1;Assur_Agr7 "Assur_Agr7" true true false 100 Text 0 0 ,First,#,Z:\Projects\139860_DWR_FloodER2\1402_LeveeRivMile_Calc\Shapefiles\DWR_LMA_UNIT_Segments_NAD83_UTM10.shp,Assur_Agr7,-1,-1;Assur_Agr8 "Assur_Agr8" true true false 100 Text 0 0 ,First,#,Z:\Projects\139860_DWR_FloodER2\1402_LeveeRivMile_Calc\Shapefiles\DWR_LMA_UNIT_Segments_NAD83_UTM10.shp,Assur_Agr8,-1,-1;CWC_Sectio "CWC_Sectio" true true false 50 Text 0 0 ,First,#,Z:\Projects\139860_DWR_FloodER2\1402_LeveeRivMile_Calc\Shapefiles\DWR_LMA_UNIT_Segments_NAD83_UTM10.shp,CWC_Sectio,-1,-1;CWC_Sect_1 "CWC_Sect_1" true true false 50 Text 0 0 ,First,#,Z:\Projects\139860_DWR_FloodER2\1402_LeveeRivMile_Calc\Shapefiles\DWR_LMA_UNIT_Segments_NAD83_UTM10.shp,CWC_Sect_1,-1,-1;CWC_Sect_2 "CWC_Sect_2" true true false 50 Text 0 0 ,First,#,Z:\Projects\139860_DWR_FloodER2\1402_LeveeRivMile_Calc\Shapefiles\DWR_LMA_UNIT_Segments_NAD83_UTM10.shp,CWC_Sect_2,-1,-1;CWC_Sect_3 "CWC_Sect_3" true true false 50 Text 0 0 ,First,#,Z:\Projects\139860_DWR_FloodER2\1402_LeveeRivMile_Calc\Shapefiles\DWR_LMA_UNIT_Segments_NAD83_UTM10.shp,CWC_Sect_3,-1,-1;CWC_Sect_4 "CWC_Sect_4" true true false 50 Text 0 0 ,First,#,Z:\Projects\139860_DWR_FloodER2\1402_LeveeRivMile_Calc\Shapefiles\DWR_LMA_UNIT_Segments_NAD83_UTM10.shp,CWC_Sect_4,-1,-1;CWC_Sect_5 "CWC_Sect_5" true true false 50 Text 0 0 ,First,#,Z:\Projects\139860_DWR_FloodER2\1402_LeveeRivMile_Calc\Shapefiles\DWR_LMA_UNIT_Segments_NAD83_UTM10.shp,CWC_Sect_5,-1,-1;CWC_Sect_6 "CWC_Sect_6" true true false 50 Text 0 0 ,First,#,Z:\Projects\139860_DWR_FloodER2\1402_LeveeRivMile_Calc\Shapefiles\DWR_LMA_UNIT_Segments_NAD83_UTM10.shp,CWC_Sect_6,-1,-1;CWC_Sect_7 "CWC_Sect_7" true true false 50 Text 0 0 ,First,#,Z:\Projects\139860_DWR_FloodER2\1402_LeveeRivMile_Calc\Shapefiles\DWR_LMA_UNIT_Segments_NAD83_UTM10.shp,CWC_Sect_7,-1,-1;CWC_Sect_8 "CWC_Sect_8" true true false 50 Text 0 0 ,First,#,Z:\Projects\139860_DWR_FloodER2\1402_LeveeRivMile_Calc\Shapefiles\DWR_LMA_UNIT_Segments_NAD83_UTM10.shp,CWC_Sect_8,-1,-1;CWC_Sect_9 "CWC_Sect_9" true true false 50 Text 0 0 ,First,#,Z:\Projects\139860_DWR_FloodER2\1402_LeveeRivMile_Calc\Shapefiles\DWR_LMA_UNIT_Segments_NAD83_UTM10.shp,CWC_Sect_9,-1,-1;CWC_Sec_10 "CWC_Sec_10" true true false 50 Text 0 0 ,First,#,Z:\Projects\139860_DWR_FloodER2\1402_LeveeRivMile_Calc\Shapefiles\DWR_LMA_UNIT_Segments_NAD83_UTM10.shp,CWC_Sec_10,-1,-1;CWC_Sec_11 "CWC_Sec_11" true true false 50 Text 0 0 ,First,#,Z:\Projects\139860_DWR_FloodER2\1402_LeveeRivMile_Calc\Shapefiles\DWR_LMA_UNIT_Segments_NAD83_UTM10.shp,CWC_Sec_11,-1,-1;CWC_Sec_12 "CWC_Sec_12" true true false 50 Text 0 0 ,First,#,Z:\Projects\139860_DWR_FloodER2\1402_LeveeRivMile_Calc\Shapefiles\DWR_LMA_UNIT_Segments_NAD83_UTM10.shp,CWC_Sec_12,-1,-1;CWC_Sec_13 "CWC_Sec_13" true true false 50 Text 0 0 ,First,#,Z:\Projects\139860_DWR_FloodER2\1402_LeveeRivMile_Calc\Shapefiles\DWR_LMA_UNIT_Segments_NAD83_UTM10.shp,CWC_Sec_13,-1,-1;County "County" true true false 50 Text 0 0 ,First,#,Z:\Projects\139860_DWR_FloodER2\1402_LeveeRivMile_Calc\Shapefiles\DWR_LMA_UNIT_Segments_NAD83_UTM10.shp,County,-1,-1;Fall_IR_08 "Fall_IR_08" true true false 5 Text 0 0 ,First,#,Z:\Projects\139860_DWR_FloodER2\1402_LeveeRivMile_Calc\Shapefiles\DWR_LMA_UNIT_Segments_NAD83_UTM10.shp,Fall_IR_08,-1,-1;Hist_LMA "Hist_LMA" true true false 75 Text 0 0 ,First,#,Z:\Projects\139860_DWR_FloodER2\1402_LeveeRivMile_Calc\Shapefiles\DWR_LMA_UNIT_Segments_NAD83_UTM10.shp,Hist_LMA,-1,-1;OMMU_2 "OMMU_2" true true false 10 Text 0 0 ,First,#,Z:\Projects\139860_DWR_FloodER2\1402_LeveeRivMile_Calc\Shapefiles\DWR_LMA_UNIT_Segments_NAD83_UTM10.shp,OMMU_2,-1,-1;OMMU_3 "OMMU_3" true true false 10 Text 0 0 ,First,#,Z:\Projects\139860_DWR_FloodER2\1402_LeveeRivMile_Calc\Shapefiles\DWR_LMA_UNIT_Segments_NAD83_UTM10.shp,OMMU_3,-1,-1;Shape_Leng "Shape_Leng" true true false 19 Double 0 0 ,First,#,Z:\Projects\139860_DWR_FloodER2\1402_LeveeRivMile_Calc\Shapefiles\DWR_LMA_UNIT_Segments_NAD83_UTM10.shp,Shape_Leng,-1,-1;Plat_File "Plat_File" true true false 75 Text 0 0 ,First,#,Z:\Projects\139860_DWR_FloodER2\1402_LeveeRivMile_Calc\Shapefiles\DWR_LMA_UNIT_Segments_NAD83_UTM10.shp,Plat_File,-1,-1;Aerial_Fil "Aerial_Fil" true true false 75 Text 0 0 ,First,#,Z:\Projects\139860_DWR_FloodER2\1402_LeveeRivMile_Calc\Shapefiles\DWR_LMA_UNIT_Segments_NAD83_UTM10.shp,Aerial_Fil,-1,-1;Levee_Unit "Levee_Unit" true true false 4 Short 0 4 ,First,#,Z:\Projects\139860_DWR_FloodER2\1402_LeveeRivMile_Calc\Shapefiles\DWR_LMA_UNIT_Segments_NAD83_UTM10.shp,Levee_Unit,-1,-1;Miles_GIS "Miles_GIS" true true false 19 Double 0 0 ,First,#,Z:\Projects\139860_DWR_FloodER2\1402_LeveeRivMile_Calc\Shapefiles\DWR_LMA_UNIT_Segments_NAD83_UTM10.shp,Miles_GIS,-1,-1" #</Process><Process ToolSource="c:\program files (x86)\arcgis\desktop10.1\ArcToolbox\Toolboxes\Data Management Tools.tbx\CalculateField" Date="20140523" Time="165337">CalculateField DWR_LMA_Unit_Segments_realigned KML_ID "[LMA_Short] &amp; ", " &amp; [LMAUnit_Nm] &amp; " (" &amp; [Miles_GIS] &amp; ")"" VB #</Process><Process ToolSource="c:\program files (x86)\arcgis\desktop10.1\ArcToolbox\Toolboxes\Data Management Tools.tbx\CalculateField" Date="20140523" Time="165545">CalculateField DWR_LMA_Unit_Segments_realigned KML_ID "[LMA_Short] &amp; ", " &amp; [LMAUnit_Nm] &amp; " (" &amp; round([Miles_GIS],2) &amp; ")"" VB #</Process><Process ToolSource="c:\program files (x86)\arcgis\desktop10.1\ArcToolbox\Toolboxes\Data Management Tools.tbx\CalculateField" Date="20140523" Time="165604">CalculateField DWR_LMA_Unit_Segments_realigned KML_ID "[LMA_Short] &amp; ", " &amp; [LMAUnit_Nm] &amp; " (" &amp; round([Miles_GIS],2) &amp; " miles)"" VB #</Process><Process ToolSource="c:\program files (x86)\arcgis\desktop10.1\ArcToolbox\Toolboxes\Data Management Tools.tbx\CalculateField" Date="20140523" Time="165622">CalculateField DWR_LMA_Unit_Segments_realigned KML_ID "[LMA_Short] &amp; " - " &amp; [LMAUnit_Nm] &amp; " (" &amp; round([Miles_GIS],2) &amp; " miles)"" VB #</Process><Process ToolSource="c:\program files (x86)\arcgis\desktop10.1\ArcToolbox\Toolboxes\Conversion Tools.tbx\FeatureClassToFeatureClass" Date="20140717" Time="095152">FeatureClassToFeatureClass Z:\Projects\139860_DWR_FloodER2\1402_LeveeRivMile_Calc\Shapefiles\LeveeAlignments.gdb\LeveeSegments\DWR_LMA_Unit_Segments_realigned Z:\Projects\139860_DWR_FloodER2\1402_LeveeRivMile_Calc\Shapefiles DWR_LMA_Units_Realigned_UTM2.shp # "OBJECTID_1 "OBJECTID_1" true true false 4 Long 0 0 ,First,#,Z:\Projects\139860_DWR_FloodER2\1402_LeveeRivMile_Calc\Shapefiles\LeveeAlignments.gdb\LeveeSegments\DWR_LMA_Unit_Segments_realigned,OBJECTID_1,-1,-1;OBJECTID "OBJECTID" true true false 4 Long 0 0 ,First,#,Z:\Projects\139860_DWR_FloodER2\1402_LeveeRivMile_Calc\Shapefiles\LeveeAlignments.gdb\LeveeSegments\DWR_LMA_Unit_Segments_realigned,OBJECTID,-1,-1;FC_FEATURE "FC_FEATURE" true true false 38 Text 0 0 ,First,#,Z:\Projects\139860_DWR_FloodER2\1402_LeveeRivMile_Calc\Shapefiles\LeveeAlignments.gdb\LeveeSegments\DWR_LMA_Unit_Segments_realigned,FC_FEATURE,-1,-1;SRC_CMMNT "SRC_CMMNT" true true false 254 Text 0 0 ,First,#,Z:\Projects\139860_DWR_FloodER2\1402_LeveeRivMile_Calc\Shapefiles\LeveeAlignments.gdb\LeveeSegments\DWR_LMA_Unit_Segments_realigned,SRC_CMMNT,-1,-1;OM_UNIT "OM_UNIT" true true false 4 Float 0 0 ,First,#,Z:\Projects\139860_DWR_FloodER2\1402_LeveeRivMile_Calc\Shapefiles\LeveeAlignments.gdb\LeveeSegments\DWR_LMA_Unit_Segments_realigned,OM_UNIT,-1,-1;LEVEEUNIT "LEVEEUNIT" true true false 4 Float 0 0 ,First,#,Z:\Projects\139860_DWR_FloodER2\1402_LeveeRivMile_Calc\Shapefiles\LeveeAlignments.gdb\LeveeSegments\DWR_LMA_Unit_Segments_realigned,LEVEEUNIT,-1,-1;RD_LeveeUn "RD_LeveeUn" true true false 2 Short 0 0 ,First,#,Z:\Projects\139860_DWR_FloodER2\1402_LeveeRivMile_Calc\Shapefiles\LeveeAlignments.gdb\LeveeSegments\DWR_LMA_Unit_Segments_realigned,RD_LeveeUn,-1,-1;MaintArea "MaintArea" true true false 2 Short 0 0 ,First,#,Z:\Projects\139860_DWR_FloodER2\1402_LeveeRivMile_Calc\Shapefiles\LeveeAlignments.gdb\LeveeSegments\DWR_LMA_Unit_Segments_realigned,MaintArea,-1,-1;OMMU "OMMU" true true false 50 Text 0 0 ,First,#,Z:\Projects\139860_DWR_FloodER2\1402_LeveeRivMile_Calc\Shapefiles\LeveeAlignments.gdb\LeveeSegments\DWR_LMA_Unit_Segments_realigned,OMMU,-1,-1;LMA_ID "LMA_ID" true true false 4 Long 0 0 ,First,#,Z:\Projects\139860_DWR_FloodER2\1402_LeveeRivMile_Calc\Shapefiles\LeveeAlignments.gdb\LeveeSegments\DWR_LMA_Unit_Segments_realigned,LMA_ID,-1,-1;LMA_Name "LMA_Name" true true false 75 Text 0 0 ,First,#,Z:\Projects\139860_DWR_FloodER2\1402_LeveeRivMile_Calc\Shapefiles\LeveeAlignments.gdb\LeveeSegments\DWR_LMA_Unit_Segments_realigned,LMA_Name,-1,-1;LMA_Short "LMA_Short" true true false 10 Text 0 0 ,First,#,Z:\Projects\139860_DWR_FloodER2\1402_LeveeRivMile_Calc\Shapefiles\LeveeAlignments.gdb\LeveeSegments\DWR_LMA_Unit_Segments_realigned,LMA_Short,-1,-1;Agency_Nm "Agency_Nm" true true false 75 Text 0 0 ,First,#,Z:\Projects\139860_DWR_FloodER2\1402_LeveeRivMile_Calc\Shapefiles\LeveeAlignments.gdb\LeveeSegments\DWR_LMA_Unit_Segments_realigned,Agency_Nm,-1,-1;LMAUnit_ID "LMAUnit_ID" true true false 4 Long 0 0 ,First,#,Z:\Projects\139860_DWR_FloodER2\1402_LeveeRivMile_Calc\Shapefiles\LeveeAlignments.gdb\LeveeSegments\DWR_LMA_Unit_Segments_realigned,LMAUnit_ID,-1,-1;Unit_Code "Unit_Code" true true false 10 Text 0 0 ,First,#,Z:\Projects\139860_DWR_FloodER2\1402_LeveeRivMile_Calc\Shapefiles\LeveeAlignments.gdb\LeveeSegments\DWR_LMA_Unit_Segments_realigned,Unit_Code,-1,-1;LMAUnit_Nm "LMAUnit_Nm" true true false 75 Text 0 0 ,First,#,Z:\Projects\139860_DWR_FloodER2\1402_LeveeRivMile_Calc\Shapefiles\LeveeAlignments.gdb\LeveeSegments\DWR_LMA_Unit_Segments_realigned,LMAUnit_Nm,-1,-1;Bank "Bank" true true false 5 Text 0 0 ,First,#,Z:\Projects\139860_DWR_FloodER2\1402_LeveeRivMile_Calc\Shapefiles\LeveeAlignments.gdb\LeveeSegments\DWR_LMA_Unit_Segments_realigned,Bank,-1,-1;UnitLength "UnitLength" true true false 8 Double 0 0 ,First,#,Z:\Projects\139860_DWR_FloodER2\1402_LeveeRivMile_Calc\Shapefiles\LeveeAlignments.gdb\LeveeSegments\DWR_LMA_Unit_Segments_realigned,UnitLength,-1,-1;GEI_UnitID "GEI_UnitID" true true false 4 Long 0 0 ,First,#,Z:\Projects\139860_DWR_FloodER2\1402_LeveeRivMile_Calc\Shapefiles\LeveeAlignments.gdb\LeveeSegments\DWR_LMA_Unit_Segments_realigned,GEI_UnitID,-1,-1;LevLog_Mi "LevLog_Mi" true true false 8 Double 0 0 ,First,#,Z:\Projects\139860_DWR_FloodER2\1402_LeveeRivMile_Calc\Shapefiles\LeveeAlignments.gdb\LeveeSegments\DWR_LMA_Unit_Segments_realigned,LevLog_Mi,-1,-1;LL_Comment "LL_Comment" true true false 150 Text 0 0 ,First,#,Z:\Projects\139860_DWR_FloodER2\1402_LeveeRivMile_Calc\Shapefiles\LeveeAlignments.gdb\LeveeSegments\DWR_LMA_Unit_Segments_realigned,LL_Comment,-1,-1;LL_Source "LL_Source" true true false 254 Text 0 0 ,First,#,Z:\Projects\139860_DWR_FloodER2\1402_LeveeRivMile_Calc\Shapefiles\LeveeAlignments.gdb\LeveeSegments\DWR_LMA_Unit_Segments_realigned,LL_Source,-1,-1;Miles_Calc "Miles_Calc" true true false 8 Double 0 0 ,First,#,Z:\Projects\139860_DWR_FloodER2\1402_LeveeRivMile_Calc\Shapefiles\LeveeAlignments.gdb\LeveeSegments\DWR_LMA_Unit_Segments_realigned,Miles_Calc,-1,-1;Plate_Num "Plate_Num" true true false 50 Text 0 0 ,First,#,Z:\Projects\139860_DWR_FloodER2\1402_LeveeRivMile_Calc\Shapefiles\LeveeAlignments.gdb\LeveeSegments\DWR_LMA_Unit_Segments_realigned,Plate_Num,-1,-1;Assur_Agr "Assur_Agr" true true false 100 Text 0 0 ,First,#,Z:\Projects\139860_DWR_FloodER2\1402_LeveeRivMile_Calc\Shapefiles\LeveeAlignments.gdb\LeveeSegments\DWR_LMA_Unit_Segments_realigned,Assur_Agr,-1,-1;Assur_Agr2 "Assur_Agr2" true true false 100 Text 0 0 ,First,#,Z:\Projects\139860_DWR_FloodER2\1402_LeveeRivMile_Calc\Shapefiles\LeveeAlignments.gdb\LeveeSegments\DWR_LMA_Unit_Segments_realigned,Assur_Agr2,-1,-1;Assur_Agr3 "Assur_Agr3" true true false 100 Text 0 0 ,First,#,Z:\Projects\139860_DWR_FloodER2\1402_LeveeRivMile_Calc\Shapefiles\LeveeAlignments.gdb\LeveeSegments\DWR_LMA_Unit_Segments_realigned,Assur_Agr3,-1,-1;Assur_Agr4 "Assur_Agr4" true true false 100 Text 0 0 ,First,#,Z:\Projects\139860_DWR_FloodER2\1402_LeveeRivMile_Calc\Shapefiles\LeveeAlignments.gdb\LeveeSegments\DWR_LMA_Unit_Segments_realigned,Assur_Agr4,-1,-1;Assur_Agr5 "Assur_Agr5" true true false 100 Text 0 0 ,First,#,Z:\Projects\139860_DWR_FloodER2\1402_LeveeRivMile_Calc\Shapefiles\LeveeAlignments.gdb\LeveeSegments\DWR_LMA_Unit_Segments_realigned,Assur_Agr5,-1,-1;Assur_Agr6 "Assur_Agr6" true true false 100 Text 0 0 ,First,#,Z:\Projects\139860_DWR_FloodER2\1402_LeveeRivMile_Calc\Shapefiles\LeveeAlignments.gdb\LeveeSegments\DWR_LMA_Unit_Segments_realigned,Assur_Agr6,-1,-1;Assur_Agr7 "Assur_Agr7" true true false 100 Text 0 0 ,First,#,Z:\Projects\139860_DWR_FloodER2\1402_LeveeRivMile_Calc\Shapefiles\LeveeAlignments.gdb\LeveeSegments\DWR_LMA_Unit_Segments_realigned,Assur_Agr7,-1,-1;Assur_Agr8 "Assur_Agr8" true true false 100 Text 0 0 ,First,#,Z:\Projects\139860_DWR_FloodER2\1402_LeveeRivMile_Calc\Shapefiles\LeveeAlignments.gdb\LeveeSegments\DWR_LMA_Unit_Segments_realigned,Assur_Agr8,-1,-1;CWC_Sectio "CWC_Sectio" true true false 50 Text 0 0 ,First,#,Z:\Projects\139860_DWR_FloodER2\1402_LeveeRivMile_Calc\Shapefiles\LeveeAlignments.gdb\LeveeSegments\DWR_LMA_Unit_Segments_realigned,CWC_Sectio,-1,-1;CWC_Sect_1 "CWC_Sect_1" true true false 50 Text 0 0 ,First,#,Z:\Projects\139860_DWR_FloodER2\1402_LeveeRivMile_Calc\Shapefiles\LeveeAlignments.gdb\LeveeSegments\DWR_LMA_Unit_Segments_realigned,CWC_Sect_1,-1,-1;CWC_Sect_2 "CWC_Sect_2" true true false 50 Text 0 0 ,First,#,Z:\Projects\139860_DWR_FloodER2\1402_LeveeRivMile_Calc\Shapefiles\LeveeAlignments.gdb\LeveeSegments\DWR_LMA_Unit_Segments_realigned,CWC_Sect_2,-1,-1;CWC_Sect_3 "CWC_Sect_3" true true false 50 Text 0 0 ,First,#,Z:\Projects\139860_DWR_FloodER2\1402_LeveeRivMile_Calc\Shapefiles\LeveeAlignments.gdb\LeveeSegments\DWR_LMA_Unit_Segments_realigned,CWC_Sect_3,-1,-1;CWC_Sect_4 "CWC_Sect_4" true true false 50 Text 0 0 ,First,#,Z:\Projects\139860_DWR_FloodER2\1402_LeveeRivMile_Calc\Shapefiles\LeveeAlignments.gdb\LeveeSegments\DWR_LMA_Unit_Segments_realigned,CWC_Sect_4,-1,-1;CWC_Sect_5 "CWC_Sect_5" true true false 50 Text 0 0 ,First,#,Z:\Projects\139860_DWR_FloodER2\1402_LeveeRivMile_Calc\Shapefiles\LeveeAlignments.gdb\LeveeSegments\DWR_LMA_Unit_Segments_realigned,CWC_Sect_5,-1,-1;CWC_Sect_6 "CWC_Sect_6" true true false 50 Text 0 0 ,First,#,Z:\Projects\139860_DWR_FloodER2\1402_LeveeRivMile_Calc\Shapefiles\LeveeAlignments.gdb\LeveeSegments\DWR_LMA_Unit_Segments_realigned,CWC_Sect_6,-1,-1;CWC_Sect_7 "CWC_Sect_7" true true false 50 Text 0 0 ,First,#,Z:\Projects\139860_DWR_FloodER2\1402_LeveeRivMile_Calc\Shapefiles\LeveeAlignments.gdb\LeveeSegments\DWR_LMA_Unit_Segments_realigned,CWC_Sect_7,-1,-1;CWC_Sect_8 "CWC_Sect_8" true true false 50 Text 0 0 ,First,#,Z:\Projects\139860_DWR_FloodER2\1402_LeveeRivMile_Calc\Shapefiles\LeveeAlignments.gdb\LeveeSegments\DWR_LMA_Unit_Segments_realigned,CWC_Sect_8,-1,-1;CWC_Sect_9 "CWC_Sect_9" true true false 50 Text 0 0 ,First,#,Z:\Projects\139860_DWR_FloodER2\1402_LeveeRivMile_Calc\Shapefiles\LeveeAlignments.gdb\LeveeSegments\DWR_LMA_Unit_Segments_realigned,CWC_Sect_9,-1,-1;CWC_Sec_10 "CWC_Sec_10" true true false 50 Text 0 0 ,First,#,Z:\Projects\139860_DWR_FloodER2\1402_LeveeRivMile_Calc\Shapefiles\LeveeAlignments.gdb\LeveeSegments\DWR_LMA_Unit_Segments_realigned,CWC_Sec_10,-1,-1;CWC_Sec_11 "CWC_Sec_11" true true false 50 Text 0 0 ,First,#,Z:\Projects\139860_DWR_FloodER2\1402_LeveeRivMile_Calc\Shapefiles\LeveeAlignments.gdb\LeveeSegments\DWR_LMA_Unit_Segments_realigned,CWC_Sec_11,-1,-1;CWC_Sec_12 "CWC_Sec_12" true true false 50 Text 0 0 ,First,#,Z:\Projects\139860_DWR_FloodER2\1402_LeveeRivMile_Calc\Shapefiles\LeveeAlignments.gdb\LeveeSegments\DWR_LMA_Unit_Segments_realigned,CWC_Sec_12,-1,-1;CWC_Sec_13 "CWC_Sec_13" true true false 50 Text 0 0 ,First,#,Z:\Projects\139860_DWR_FloodER2\1402_LeveeRivMile_Calc\Shapefiles\LeveeAlignments.gdb\LeveeSegments\DWR_LMA_Unit_Segments_realigned,CWC_Sec_13,-1,-1;County "County" true true false 50 Text 0 0 ,First,#,Z:\Projects\139860_DWR_FloodER2\1402_LeveeRivMile_Calc\Shapefiles\LeveeAlignments.gdb\LeveeSegments\DWR_LMA_Unit_Segments_realigned,County,-1,-1;Fall_IR_08 "Fall_IR_08" true true false 5 Text 0 0 ,First,#,Z:\Projects\139860_DWR_FloodER2\1402_LeveeRivMile_Calc\Shapefiles\LeveeAlignments.gdb\LeveeSegments\DWR_LMA_Unit_Segments_realigned,Fall_IR_08,-1,-1;Hist_LMA "Hist_LMA" true true false 75 Text 0 0 ,First,#,Z:\Projects\139860_DWR_FloodER2\1402_LeveeRivMile_Calc\Shapefiles\LeveeAlignments.gdb\LeveeSegments\DWR_LMA_Unit_Segments_realigned,Hist_LMA,-1,-1;OMMU_2 "OMMU_2" true true false 10 Text 0 0 ,First,#,Z:\Projects\139860_DWR_FloodER2\1402_LeveeRivMile_Calc\Shapefiles\LeveeAlignments.gdb\LeveeSegments\DWR_LMA_Unit_Segments_realigned,OMMU_2,-1,-1;OMMU_3 "OMMU_3" true true false 10 Text 0 0 ,First,#,Z:\Projects\139860_DWR_FloodER2\1402_LeveeRivMile_Calc\Shapefiles\LeveeAlignments.gdb\LeveeSegments\DWR_LMA_Unit_Segments_realigned,OMMU_3,-1,-1;Shape_Leng "Shape_Leng" true true false 8 Double 0 0 ,First,#,Z:\Projects\139860_DWR_FloodER2\1402_LeveeRivMile_Calc\Shapefiles\LeveeAlignments.gdb\LeveeSegments\DWR_LMA_Unit_Segments_realigned,Shape_Leng,-1,-1;Plat_File "Plat_File" true true false 75 Text 0 0 ,First,#,Z:\Projects\139860_DWR_FloodER2\1402_LeveeRivMile_Calc\Shapefiles\LeveeAlignments.gdb\LeveeSegments\DWR_LMA_Unit_Segments_realigned,Plat_File,-1,-1;Aerial_Fil "Aerial_Fil" true true false 75 Text 0 0 ,First,#,Z:\Projects\139860_DWR_FloodER2\1402_LeveeRivMile_Calc\Shapefiles\LeveeAlignments.gdb\LeveeSegments\DWR_LMA_Unit_Segments_realigned,Aerial_Fil,-1,-1;Levee_Unit "Levee_Unit" true true false 2 Short 0 0 ,First,#,Z:\Projects\139860_DWR_FloodER2\1402_LeveeRivMile_Calc\Shapefiles\LeveeAlignments.gdb\LeveeSegments\DWR_LMA_Unit_Segments_realigned,Levee_Unit,-1,-1;Miles_GIS "Miles_GIS" true true false 8 Double 0 0 ,First,#,Z:\Projects\139860_DWR_FloodER2\1402_LeveeRivMile_Calc\Shapefiles\LeveeAlignments.gdb\LeveeSegments\DWR_LMA_Unit_Segments_realigned,Miles_GIS,-1,-1;Shape_Le_1 "Shape_Le_1" false true true 8 Double 0 0 ,First,#,Z:\Projects\139860_DWR_FloodER2\1402_LeveeRivMile_Calc\Shapefiles\LeveeAlignments.gdb\LeveeSegments\DWR_LMA_Unit_Segments_realigned,Shape_Length,-1,-1;KML_ID "KML_ID" true true false 200 Text 0 0 ,First,#,Z:\Projects\139860_DWR_FloodER2\1402_LeveeRivMile_Calc\Shapefiles\LeveeAlignments.gdb\LeveeSegments\DWR_LMA_Unit_Segments_realigned,KML_ID,-1,-1;SkipGap "SkipGap" true true false 5 Text 0 0 ,First,#,Z:\Projects\139860_DWR_FloodER2\1402_LeveeRivMile_Calc\Shapefiles\LeveeAlignments.gdb\LeveeSegments\DWR_LMA_Unit_Segments_realigned,SkipGap,-1,-1" #</Process><Process ToolSource="c:\program files (x86)\arcgis\desktop10.1\ArcToolbox\Toolboxes\Data Management Tools.tbx\CalculateField" Date="20140725" Time="174904">CalculateField DWR_LMA_Units_Realigned_UTM SkipGap "Yes" VB #</Process><Process ToolSource="c:\program files (x86)\arcgis\desktop10.1\ArcToolbox\Toolboxes\Data Management Tools.tbx\CalculateField" Date="20140808" Time="145948">CalculateField DWR_LMA_Units_Realigned_UTM Symbology 1 VB #</Process><Process ToolSource="c:\program files (x86)\arcgis\desktop10.1\ArcToolbox\Toolboxes\Data Management Tools.tbx\CalculateField" Date="20140808" Time="150140">CalculateField DWR_LMA_Units_Realigned_UTM Symbology 2 VB #</Process><Process ToolSource="c:\program files (x86)\arcgis\desktop10.1\ArcToolbox\Toolboxes\Data Management Tools.tbx\CalculateField" Date="20140808" Time="150645">CalculateField DWR_LMA_Units_Realigned_UTM Symbology 3 VB #</Process><Process ToolSource="c:\program files (x86)\arcgis\desktop10.1\ArcToolbox\Toolboxes\Data Management Tools.tbx\CalculateField" Date="20140808" Time="150720">CalculateField DWR_LMA_Units_Realigned_UTM Symbology 4 VB #</Process><Process ToolSource="c:\program files (x86)\arcgis\desktop10.2\ArcToolbox\Toolboxes\Data Management Tools.tbx\CalculateField" Date="20150219" Time="094137">CalculateField NewLevees-Sac Inspct_Nam [LMA_Name] VB #</Process><Process ToolSource="c:\program files (x86)\arcgis\desktop10.2\ArcToolbox\Toolboxes\Data Management Tools.tbx\CalculateField" Date="20150219" Time="094204">CalculateField NewLevees-Sac Feature "Levee" VB #</Process><Process ToolSource="c:\program files (x86)\arcgis\desktop10.2\ArcToolbox\Toolboxes\Data Management Tools.tbx\CalculateField" Date="20150220" Time="112713">CalculateField NewLevees-Sac LIS_Code [FMO_Short] VB #</Process></lineage><itemProps><itemName Sync="TRUE">Levees</itemName><imsContentType Sync="TRUE">002</imsContentType><itemLocation><linkage Sync="TRUE">file://\\webdev02\share\GIS_Data\FERIX\FMO\MTS Shapefiles\MTS\Levees.shp</linkage><protocol Sync="TRUE">Local Area Network</protocol></itemLocation><nativeExtBox><westBL Sync="TRUE">506210.437300</westBL><eastBL Sync="TRUE">752581.572800</eastBL><southBL Sync="TRUE">4072303.247300</southBL><northBL Sync="TRUE">4484700.655100</northBL><exTypeCode Sync="TRUE">1</exTypeCode></nativeExtBox><itemSize Sync="TRUE">0.000</itemSize></itemProps><coordRef><type Sync="TRUE">Projected</type><geogcsn Sync="TRUE">GCS_North_American_1983</geogcsn><projcsn Sync="TRUE">NAD_1983_California_Teale_Albers</projcsn><peXml Sync="TRUE">&lt;ProjectedCoordinateSystem xsi:type='typens:ProjectedCoordinateSystem' xmlns:xsi='http://www.w3.org/2001/XMLSchema-instance' xmlns:xs='http://www.w3.org/2001/XMLSchema' xmlns:typens='http://www.esri.com/schemas/ArcGIS/10.3'&gt;&lt;WKT&gt;PROJCS[&amp;quot;NAD_1983_California_Teale_Albers&amp;quot;,GEOGCS[&amp;quot;GCS_North_American_1983&amp;quot;,DATUM[&amp;quot;D_North_American_1983&amp;quot;,SPHEROID[&amp;quot;GRS_1980&amp;quot;,6378137.0,298.257222101]],PRIMEM[&amp;quot;Greenwich&amp;quot;,0.0],UNIT[&amp;quot;Degree&amp;quot;,0.0174532925199433]],PROJECTION[&amp;quot;Albers&amp;quot;],PARAMETER[&amp;quot;False_Easting&amp;quot;,0.0],PARAMETER[&amp;quot;False_Northing&amp;quot;,-4000000.0],PARAMETER[&amp;quot;Central_Meridian&amp;quot;,-120.0],PARAMETER[&amp;quot;Standard_Parallel_1&amp;quot;,34.0],PARAMETER[&amp;quot;Standard_Parallel_2&amp;quot;,40.5],PARAMETER[&amp;quot;Latitude_Of_Origin&amp;quot;,0.0],UNIT[&amp;quot;Meter&amp;quot;,1.0],AUTHORITY[&amp;quot;EPSG&amp;quot;,3310]]&lt;/WKT&gt;&lt;XOrigin&gt;-16909700&lt;/XOrigin&gt;&lt;YOrigin&gt;-8597000&lt;/YOrigin&gt;&lt;XYScale&gt;266332319.7555542&lt;/XYScale&gt;&lt;ZOrigin&gt;-100000&lt;/ZOrigin&gt;&lt;ZScale&gt;10000&lt;/ZScale&gt;&lt;MOrigin&gt;-100000&lt;/MOrigin&gt;&lt;MScale&gt;10000&lt;/MScale&gt;&lt;XYTolerance&gt;0.001&lt;/XYTolerance&gt;&lt;ZTolerance&gt;0.001&lt;/ZTolerance&gt;&lt;MTolerance&gt;0.001&lt;/MTolerance&gt;&lt;HighPrecision&gt;true&lt;/HighPrecision&gt;&lt;WKID&gt;3310&lt;/WKID&gt;&lt;LatestWKID&gt;3310&lt;/LatestWKID&gt;&lt;/ProjectedCoordinateSystem&gt;</peXml><csUnits Sync="TRUE">Linear Unit: Meter (1.000000)</csUnits></coordRef><copyHistory><copy source="C:\Users\gilbertp\Documents\GIS\NewMaintenceAreas-AddToMaps\NewLeveeAlignment\NewLevees-Sac" dest="\\gis1\fldmaint\Projects\RMA\Finals-new\Newest_Sac_shapefiles\NewLevees-Sac" date="20150220" time="14372400"></copy></copyHistory></DataProperties><ArcGISFormat>1.0</ArcGISFormat><ArcGISstyle>XTools Pro Metadata</ArcGISstyle></Esri><idinfo><native Sync="TRUE">Microsoft Windows XP Version 5.1 (Build 2600) Service Pack 3; ESRI ArcCatalog 9.3.1.4000</native><descript><langdata Sync="TRUE">en</langdata><abstract>Levee segments for the Sacramento River System. All alignments extracted from California Levee Database (CaLD), provided by PBSJ, unless noted in the "SRC_CMMNTS" field in the attribute table. Levee Units/Segments based on Operation and Maintenance (OM) Manual Maps and Plat maps provided by PBSJ (which were created from the OM maps by DWR and provided to PBSJ by USACE). For information about the levee alignments, please see the documentation for the CaLD. The segments (start and end points) are based on the best resolution the reference imagery (scanned and georeferenced OM Manual Maps and PBSJ provided Plat maps) allows. Levee line gaps, kinks and other misalignments were corrected according to a digitized KML file provided by W. Daniel Meyersohn of DWR and verified using 2005 NAIP imagery. Please note that while misalignments were corrected, the associated elevations for these misalignments have not likewise been corrected. This effort will be completed at a later date based on Survey and/or LiDAR data.</abstract><purpose>Provide reference between CaLD and Operation and Maintenance Manuals.</purpose></descript><citation><citeinfo><origin>GEI Consultants, Inc</origin><pubdate>Unpublished Material</pubdate><title Sync="TRUE">SacramentoSystem_LeveeSegments</title><ftname Sync="TRUE">SacramentoSystem_LeveeSegments</ftname><geoform Sync="TRUE">vector digital data</geoform><onlink Sync="TRUE">\\sac1s-fs01\gis\Projects\087756_DWR_Flood_Mgmt\080432\Shapefiles_GDB\CVPFC_Staging.gdb</onlink></citeinfo></citation><timeperd><current>ground condition</current><timeinfo><sngdate><caldate>unknown</caldate></sngdate></timeinfo></timeperd><status><progress>In work</progress><update>As needed</update></status><spdom><bounding><westbc Sync="TRUE">-122.982231</westbc><eastbc Sync="TRUE">-121.207998</eastbc><northbc Sync="TRUE">40.527522</northbc><southbc Sync="TRUE">38.039618</southbc></bounding><lboundng><leftbc Sync="TRUE">-252762.354400</leftbc><rightbc Sync="TRUE">-105839.664200</rightbc><bottombc Sync="TRUE">6429.883600</bottombc><topbc Sync="TRUE">279745.087800</topbc></lboundng><minalti Sync="TRUE">0.000000</minalti><maxalti Sync="TRUE">1386.060800</maxalti></spdom><keywords><theme><themekey>Levee</themekey><themekey>Levee Unit</themekey><themekey>Levee Segment</themekey><themekey>Segmentation</themekey><themekey>Operation and Maintenance Manual</themekey><themekey>OM Manual</themekey></theme></keywords><accconst>These data are created for use by GEI Consultants employees and/or associated contractors and/or sub-contractors.</accconst><useconst>The information contained herein is based on the most current information available to GEI Consultants, Inc. GEI does not warrant its accuracy or suitability for any particular purpose. This data is not intended to replace engineering, financial, or primary records research. 

This data is part of an ongoing process of data creation and verification; therefore it is constantly changing. Every attempt has been made to keep the data as current and accurate as possible, but it cannot be considered an authoritative source of data.</useconst><natvform Sync="TRUE">File Geodatabase Feature Class</natvform><ptcontac><cntinfo><cntorgp><cntorg>GEI Consultants, Inc</cntorg></cntorgp><cntvoice>(916) 631-4500</cntvoice><cntfax>(916) 631-4501</cntfax><cntemail>gis@geiconsultants.com</cntemail></cntinfo></ptcontac></idinfo><dataIdInfo><envirDesc Sync="TRUE">Microsoft Windows 7 Version 6.1 (Build 7601) Service Pack 1; Esri ArcGIS 10.3.0.4322</envirDesc><dataLang><languageCode Sync="TRUE" value="eng" country="USA"></languageCode><countryCode value="USA" Sync="TRUE"></countryCode></dataLang><idCitation><resTitle Sync="TRUE">Levees</resTitle><presForm><PresFormCd Sync="TRUE" value="005"></PresFormCd></presForm></idCitation><spatRpType><SpatRepTypCd Sync="TRUE" value="001"></SpatRepTypCd></spatRpType><dataExt><geoEle><GeoBndBox esriExtentType="search"><westBL Sync="TRUE">-122.930386</westBL><eastBL Sync="TRUE">-120.020456</eastBL><northBL Sync="TRUE">40.513003</northBL><southBL Sync="TRUE">36.762881</southBL><exTypeCode Sync="TRUE">1</exTypeCode></GeoBndBox></geoEle><vertEle><vertMinVal Sync="TRUE">0.000000</vertMinVal><vertMaxVal Sync="TRUE">1379.976300</vertMaxVal></vertEle></dataExt><geoBox esriExtentType="decdegrees"><westBL Sync="TRUE">-122.982231</westBL><eastBL Sync="TRUE">-121.207998</eastBL><northBL Sync="TRUE">40.527522</northBL><southBL Sync="TRUE">38.039618</southBL><exTypeCode Sync="TRUE">1</exTypeCode></geoBox><descKeys><thesaName uuidref="723f6998-058e-11dc-8314-0800200c9a66"></thesaName><keyword Sync="TRUE">002</keyword></descKeys></dataIdInfo><metainfo><langmeta Sync="TRUE">en</langmeta><metstdn Sync="TRUE">FGDC Content Standards for Digital Geospatial Metadata</metstdn><metstdv Sync="TRUE">FGDC-STD-001-1998</metstdv><mettc Sync="TRUE">local time</mettc><metc><cntinfo><cntorgp><cntper>Sarah Watkins</cntper><cntorg>GEI Consultants</cntorg></cntorgp><cntaddr><addrtype>mailing and physical address</addrtype><city>Rancho Cordova</city><state>CA</state><postal>95670</postal><address>10860 Gold Center Drive, Suite 350</address><country>U.S.A.</country></cntaddr><cntvoice>916-631-4560</cntvoice><cntpos>GIS Analyst</cntpos><cntemail>swatkins@geiconsultants.com</cntemail></cntinfo></metc><metd Sync="TRUE">20100803</metd></metainfo><mdLang><languageCode Sync="TRUE" value="eng"></languageCode><countryCode value="USA" Sync="TRUE"></countryCode></mdLang><mdStanName Sync="TRUE">ISO 19115 Geographic Information - Metadata</mdStanName><mdStanVer Sync="TRUE">DIS_ESRI1.0</mdStanVer><mdChar><CharSetCd Sync="TRUE" value="004"></CharSetCd></mdChar><mdHrLv><ScopeCd Sync="TRUE" value="005"></ScopeCd></mdHrLv><mdHrLvName Sync="TRUE">dataset</mdHrLvName><distinfo><resdesc Sync="TRUE">Downloadable Data</resdesc><stdorder><digform><digtinfo><transize Sync="TRUE">1.682</transize><dssize Sync="TRUE">1.682</dssize></digtinfo></digform></stdorder></distinfo><distInfo><distributor><distorTran><onLineSrc><orDesc Sync="TRUE">002</orDesc><linkage Sync="TRUE">file://\\sac1s-fs01\gis\Projects\087756_DWR_Flood_Mgmt\080432\Shapefiles_GDB\CVPFC_Staging.gdb</linkage><protocol Sync="TRUE">Local Area Network</protocol></onLineSrc><transSize Sync="TRUE">1.682</transSize></distorTran><distorFormat><formatName Sync="TRUE">File Geodatabase Feature Class</formatName></distorFormat></distributor><distFormat><formatName Sync="TRUE">Shapefile</formatName></distFormat><distTranOps><transSize Sync="TRUE">0.000</transSize></distTranOps></distInfo><spdoinfo><direct Sync="TRUE">Vector</direct><ptvctinf><esriterm Name="Levees"><efeatyp Sync="TRUE">Simple</efeatyp><efeageom code="3" Sync="TRUE"></efeageom><esritopo Sync="TRUE">FALSE</esritopo><efeacnt Sync="TRUE">0</efeacnt><spindex Sync="TRUE">FALSE</spindex><linrefer Sync="TRUE">TRUE</linrefer></esriterm></ptvctinf></spdoinfo><spref><horizsys><cordsysn><geogcsn Sync="TRUE">GCS_North_American_1983</geogcsn><projcsn Sync="TRUE">NAD_1983_California_Teale_Albers</projcsn></cordsysn><planar><planci><plance Sync="TRUE">coordinate pair</plance><plandu Sync="TRUE">meters</plandu><coordrep><absres Sync="TRUE">0.000100</absres><ordres Sync="TRUE">0.000100</ordres></coordrep></planci></planar><geodetic><horizdn Sync="TRUE">North American Datum of 1983</horizdn><ellips Sync="TRUE">Geodetic Reference System 80</ellips><semiaxis Sync="TRUE">6378137.000000</semiaxis><denflat Sync="TRUE">298.257222</denflat></geodetic></horizsys><vertdef><altsys><altenc Sync="TRUE">Explicit elevation coordinate included with horizontal coordinates</altenc><altres Sync="TRUE">0.000100</altres></altsys></vertdef></spref><refSysInfo><RefSystem><refSysID><identCode Sync="TRUE" code="3310">NAD_1983_California_Teale_Albers</identCode><idCodeSpace Sync="TRUE">EPSG</idCodeSpace><idVersion Sync="TRUE">8.2.6</idVersion></refSysID></RefSystem></refSysInfo><spatRepInfo><VectSpatRep><geometObjs Name="Levees"><geoObjTyp><GeoObjTypCd value="002" Sync="TRUE"></GeoObjTypCd></geoObjTyp><geoObjCnt Sync="TRUE">0</geoObjCnt></geometObjs><topLvl><TopoLevCd value="001" Sync="TRUE"></TopoLevCd></topLvl></VectSpatRep></spatRepInfo><eainfo><detailed Name="Levees"><enttyp><enttypl Sync="TRUE">Levees</enttypl><enttypt Sync="TRUE">Feature Class</enttypt><enttypc Sync="TRUE">0</enttypc></enttyp><attr><attrlabl Sync="TRUE">FID</attrlabl><attalias Sync="TRUE">FID</attalias><attrtype Sync="TRUE">OID</attrtype><attwidth Sync="TRUE">4</attwidth><atprecis Sync="TRUE">0</atprecis><attscale Sync="TRUE">0</attscale><attrdef Sync="TRUE">Internal feature number.</attrdef><attrdefs Sync="TRUE">Esri</attrdefs><attrdomv><udom Sync="TRUE">Sequential unique whole numbers that are automatically generated.</udom></attrdomv></attr><attr><attrlabl Sync="TRUE">Shape</attrlabl><attalias Sync="TRUE">Shape</attalias><attrtype Sync="TRUE">Geometry</attrtype><attwidth Sync="TRUE">0</attwidth><atprecis Sync="TRUE">0</atprecis><attscale Sync="TRUE">0</attscale><attrdef Sync="TRUE">Feature geometry.</attrdef><attrdefs Sync="TRUE">ESRI</attrdefs><attrdomv><udom Sync="TRUE">Coordinates defining the features.</udom></attrdomv></attr><attr><attrlabl Sync="TRUE">OMMU</attrlabl><attalias Sync="TRUE">OMMU</attalias><attrtype Sync="TRUE">String</attrtype><attwidth Sync="TRUE">10</attwidth><atprecis Sync="TRUE">0</atprecis><attscale Sync="TRUE">0</attscale></attr><attr><attrlabl Sync="TRUE">LMA_Name</attrlabl><attalias Sync="TRUE">LMA_Name</attalias><attrtype Sync="TRUE">String</attrtype><attwidth Sync="TRUE">75</attwidth><atprecis Sync="TRUE">0</atprecis><attscale Sync="TRUE">0</attscale></attr><attr><attrlabl Sync="TRUE">LMA_Short</attrlabl><attalias Sync="TRUE">LMA_Short</attalias><attrtype Sync="TRUE">String</attrtype><attwidth Sync="TRUE">10</attwidth><atprecis Sync="TRUE">0</atprecis><attscale Sync="TRUE">0</attscale></attr><attr><attrlabl Sync="TRUE">Agency_Nm</attrlabl><attalias Sync="TRUE">Agency_Nm</attalias><attrtype Sync="TRUE">String</attrtype><attwidth Sync="TRUE">75</attwidth><atprecis Sync="TRUE">0</atprecis><attscale Sync="TRUE">0</attscale></attr><attr><attrlabl Sync="TRUE">Unit_Code</attrlabl><attalias Sync="TRUE">Unit_Code</attalias><attrtype Sync="TRUE">String</attrtype><attwidth Sync="TRUE">10</attwidth><atprecis Sync="TRUE">0</atprecis><attscale Sync="TRUE">0</attscale></attr><attr><attrlabl Sync="TRUE">LMAUnit_Nm</attrlabl><attalias Sync="TRUE">LMAUnit_Nm</attalias><attrtype Sync="TRUE">String</attrtype><attwidth Sync="TRUE">75</attwidth><atprecis Sync="TRUE">0</atprecis><attscale Sync="TRUE">0</attscale></attr><attr><attrlabl Sync="TRUE">Miles_Calc</attrlabl><attalias Sync="TRUE">Miles_Calc</attalias><attrtype Sync="TRUE">Double</attrtype><attwidth Sync="TRUE">19</attwidth><atprecis Sync="TRUE">0</atprecis><attscale Sync="TRUE">0</attscale></attr><attr><attrlabl Sync="TRUE">County</attrlabl><attalias Sync="TRUE">County</attalias><attrtype Sync="TRUE">String</attrtype><attwidth Sync="TRUE">50</attwidth><atprecis Sync="TRUE">0</atprecis><attscale Sync="TRUE">0</attscale></attr><attr><attrlabl Sync="TRUE">Miles_GIS</attrlabl><attalias Sync="TRUE">Miles_GIS</attalias><attrtype Sync="TRUE">Double</attrtype><attwidth Sync="TRUE">19</attwidth><atprecis Sync="TRUE">0</atprecis><attscale Sync="TRUE">0</attscale></attr><attr><attrlabl Sync="TRUE">Feature</attrlabl><attalias Sync="TRUE">Feature</attalias><attrtype Sync="TRUE">String</attrtype><attwidth Sync="TRUE">20</attwidth><atprecis Sync="TRUE">0</atprecis><attscale Sync="TRUE">0</attscale></attr><attr><attrlabl Sync="TRUE">Inspct_Nam</attrlabl><attalias Sync="TRUE">Inspct_Nam</attalias><attrtype Sync="TRUE">String</attrtype><attwidth Sync="TRUE">75</attwidth><atprecis Sync="TRUE">0</atprecis><attscale Sync="TRUE">0</attscale></attr><attr><attrlabl Sync="TRUE">SkipGap</attrlabl><attalias Sync="TRUE">SkipGap</attalias><attrtype Sync="TRUE">String</attrtype><attwidth Sync="TRUE">5</attwidth><atprecis Sync="TRUE">0</atprecis><attscale Sync="TRUE">0</attscale></attr><attr><attrlabl Sync="TRUE">Shape_Leng</attrlabl><attalias Sync="TRUE">Shape_Leng</attalias><attrtype Sync="TRUE">Double</attrtype><attwidth Sync="TRUE">19</attwidth><atprecis Sync="TRUE">0</atprecis><attscale Sync="TRUE">0</attscale></attr><attr><attrlabl Sync="TRUE">Location</attrlabl><attalias Sync="TRUE">Location</attalias><attrtype Sync="TRUE">String</attrtype><attwidth Sync="TRUE">100</attwidth><atprecis Sync="TRUE">0</atprecis><attscale Sync="TRUE">0</attscale></attr></detailed><detailed Name="CVPFC_OandM_GageStations_SacramentoSystem_LeveeSegments"><enttyp><enttypl Sync="TRUE">CVPFC_OandM_GageStations_SacramentoSystem_LeveeSegments</enttypl><enttypt Sync="TRUE">Relationship</enttypt></enttyp></detailed><detailed Name="CVPFC_OandM_BridgesCrossings_SacramentoSystem_LeveeSegments"><enttyp><enttypl Sync="TRUE">CVPFC_OandM_BridgesCrossings_SacramentoSystem_LeveeSegments</enttypl><enttypt Sync="TRUE">Relationship</enttypt></enttyp></detailed><detailed Name="CVPFC_OandM_RevisionsAdditions_SacramentoSystem_LeveeSegments"><enttyp><enttypl Sync="TRUE">CVPFC_OandM_RevisionsAdditions_SacramentoSystem_LeveeSegments</enttypl><enttypt Sync="TRUE">Relationship</enttypt></enttyp></detailed><detailed Name="CVPFC_OandM_AssuranceAgreements_SacramentoSystem_LeveeSegments"><enttyp><enttypl Sync="TRUE">CVPFC_OandM_AssuranceAgreements_SacramentoSystem_LeveeSegments</enttypl><enttypt Sync="TRUE">Relationship</enttypt></enttyp></detailed><detailed Name="CVPFC_OandM_PipesDrainage_SacramentoSystem_LeveeSegments"><enttyp><enttypl Sync="TRUE">CVPFC_OandM_PipesDrainage_SacramentoSystem_LeveeSegments</enttypl><enttypt Sync="TRUE">Relationship</enttypt></enttyp></detailed><detailed Name="CVPFC_OandM_FC_Structures_SacramentoSystem_LeveeSegments"><enttyp><enttypl Sync="TRUE">CVPFC_OandM_FC_Structures_SacramentoSystem_LeveeSegments</enttypl><enttypt Sync="TRUE">Relationship</enttypt></enttyp></detailed><detailed Name="CVPFC_OandM_Levees_SacramentoSystem_LeveeSegments"><enttyp><enttypl Sync="TRUE">CVPFC_OandM_Levees_SacramentoSystem_LeveeSegments</enttypl><enttypt Sync="TRUE">Relationship</enttypt></enttyp></detailed><detailed Name="CVPFC_OandM_Channels_SacramentoSystem_LeveeSegments"><enttyp><enttypl Sync="TRUE">CVPFC_OandM_Channels_SacramentoSystem_LeveeSegments</enttypl><enttypt Sync="TRUE">Relationship</enttypt></enttyp></detailed><detailed Name="CVPFC_OandM_Background_SacramentoSystem_LeveeSegments"><enttyp><enttypl Sync="TRUE">CVPFC_OandM_Background_SacramentoSystem_LeveeSegments</enttypl><enttypt Sync="TRUE">Relationship</enttypt></enttyp></detailed><detailed Name="CVPFC_OandM_AdoptedFloodPlane_SacramentoSystem_LeveeSegments"><enttyp><enttypl Sync="TRUE">CVPFC_OandM_AdoptedFloodPlane_SacramentoSystem_LeveeSegments</enttypl><enttypt Sync="TRUE">Relationship</enttypt></enttyp></detailed><detailed Name="CVPFC_OandM_AsConstructed_SacramentoSystem_LeveeSegments"><enttyp><enttypl Sync="TRUE">CVPFC_OandM_AsConstructed_SacramentoSystem_LeveeSegments</enttypl><enttypt Sync="TRUE">Relationship</enttypt></enttyp></detailed></eainfo><mdDateSt Sync="TRUE">20160419</mdDateSt><dataqual><lineage><procstep><procdesc Sync="TRUE">Dataset copied.</procdesc><srcused Sync="TRUE">\\SACSRV2\GIS\GIS\Projects\087756_DWR_Flood_Mgmt\080432\Deliverables\CVPFC.gdb</srcused><date Sync="TRUE">20080925</date><time Sync="TRUE">12032400</time></procstep><procstep><procdesc Sync="TRUE">Dataset copied.</procdesc><srcused Sync="TRUE">\\SACSRV2\GIS\GIS\Projects\087756_DWR_Flood_Mgmt\080432\Shapefiles_GDB\CVPFC_Staging.gdb</srcused><procdate Sync="TRUE">20090528</procdate><proctime Sync="TRUE">15475100</proctime></procstep><procstep><procdesc Sync="TRUE">Dataset copied.</procdesc><srcused Sync="TRUE">\\SACSRV2\GIS\GIS\Projects\087756_DWR_Flood_Mgmt\080432\Deliverables\CVPFC.gdb</srcused><procdate Sync="TRUE">20090605</procdate><proctime Sync="TRUE">15174500</proctime></procstep><procstep><procdesc Sync="TRUE">Dataset copied.</procdesc><srcused Sync="TRUE">\\sac1s-fs01\gis\GISArchives\CVPFC_Staging.gdb</srcused><procdate Sync="TRUE">20090709</procdate><proctime Sync="TRUE">11015400</proctime></procstep></lineage></dataqual></metadata>
